true_values,predicted_values,abs_error
0.0,0.0,0.0
0.001,0.0,0.001
0.012,0.0,0.012
0.015,0.0,0.015
0.008,0.0,0.008
0.006,0.0,0.006
0.012,0.0,0.012
0.03,0.0,0.03
0.049,0.02707535,0.021924648
0.056,0.058492362,0.0024923608
0.061,0.06973475,0.0087347515
0.072,0.074225485,0.0022254884
0.08,0.08381456,0.0038145632
0.076,0.09185952,0.015859522
0.089,0.08270711,0.0062928945
0.246,0.09923291,0.1467671
0.286,0.34871447,0.06271446
0.363,0.37352094,0.010520935
0.496,0.52980745,0.033807456
0.613,0.6529892,0.039989233
0.645,0.81607,0.17107004
0.668,0.7897322,0.121732235
0.762,0.8026421,0.040642083
0.881,0.9204224,0.039422393
1.017,1.0671968,0.050196886
1.316,1.2186587,0.0973413
1.412,1.6044788,0.1924789
1.058,1.5422983,0.48429835
0.788,0.9977197,0.20971972
0.73,0.7792702,0.049270153
0.772,0.7996788,0.027678788
0.891,0.8934982,0.0024982095
1.294,1.0656062,0.2283938
1.542,1.6376498,0.09564972
1.549,1.7431409,0.19414091
1.616,1.6304085,0.014408469
1.819,1.7159014,0.10309863
1.819,2.0087729,0.18977284
1.682,1.8742673,0.1922673
1.668,1.6827483,0.014748335
1.643,1.7870774,0.14407742
1.426,1.7143958,0.28839576
1.169,1.4273484,0.25834835
0.878,1.1639555,0.28595543
0.846,0.8670571,0.02105707
0.896,0.9567475,0.060747445
0.803,1.0341139,0.23111391
0.82,0.8817898,0.06178981
0.985,0.9413147,0.043685317
1.103,1.1692429,0.066242814
1.063,1.2668368,0.2038368
0.985,1.1464307,0.16143072
1.092,1.0571742,0.0348258
1.237,1.244479,0.0074789524
1.244,1.4036148,0.1596148
1.167,1.3450738,0.17807376
1.037,1.2247226,0.18772268
0.818,1.0728309,0.2548309
0.761,0.82285976,0.061859787
0.75,0.8447434,0.09474337
0.763,0.8441778,0.08117777
0.837,0.8796858,0.042685807
0.936,0.97908306,0.04308307
1.102,1.0950143,0.0069856644
1.25,1.297559,0.047559023
1.188,1.4229095,0.23490953
1.094,1.2500473,0.15604734
1.007,1.1506348,0.1436348
0.871,1.0613196,0.1903196
0.737,0.9161405,0.17914051
0.684,0.78586704,0.10186702
0.669,0.76773477,0.09873474
0.636,0.7594352,0.1234352
0.587,0.7242084,0.1372084
0.51,0.6687864,0.15878642
0.306,0.5742805,0.2682805
0.081,0.3203592,0.2393592
0.061,0.08292967,0.02192967
0.059,0.076250196,0.017250195
0.055,0.056767046,0.0017670467
0.043,0.06934506,0.026345056
0.037,0.041502178,0.0045021772
0.038,0.04424113,0.0062411316
0.047,0.0434978,0.0035021976
0.055,0.0638839,0.008883901
0.059,0.07338339,0.014383391
0.068,0.083595455,0.015595451
0.084,0.09560734,0.0116073415
0.155,0.120118976,0.034881026
0.234,0.22770995,0.0062900484
0.379,0.33892572,0.04007429
0.449,0.57095504,0.12195504
0.451,0.62019444,0.16919443
0.489,0.6004824,0.11148241
0.579,0.611301,0.03230101
0.621,0.73488575,0.11388576
0.591,0.7612252,0.1702252
0.578,0.6987902,0.12079018
0.567,0.6791943,0.1121943
0.543,0.6619956,0.11899561
0.571,0.63694394,0.06594396
0.633,0.68777263,0.054772615
0.663,0.76711535,0.10411537
0.699,0.7914216,0.09242159
0.688,0.83444625,0.14644623
0.673,0.795241,0.12224102
0.664,0.7825589,0.11855894
0.706,0.7673486,0.061348617
0.753,0.8376735,0.084673464
0.746,0.8845423,0.1385423
0.757,0.8590148,0.10201478
0.874,0.8769223,0.0029222965
0.885,1.0417589,0.1567589
0.839,0.99896336,0.15996337
0.943,0.93996626,0.0030337572
0.99,1.1012006,0.11120057
1.001,1.1149237,0.11392367
0.993,1.1234653,0.13046533
1.055,1.0912814,0.036281466
1.195,1.1953572,0.00035715103
1.238,1.3629405,0.124940515
1.109,1.3532872,0.24428725
0.939,1.1470459,0.20804584
0.921,0.96344787,0.042447865
1.079,1.0188756,0.060124397
1.108,1.2615507,0.15355062
1.188,1.2233516,0.035351634
1.243,1.3454044,0.102404356
1.265,1.3500079,0.085007906
1.375,1.376307,0.0013070107
1.544,1.5231497,0.0208503
1.573,1.7181275,0.14512753
1.444,1.6611497,0.21714973
1.425,1.4482216,0.023221612
1.583,1.5172105,0.06578946
1.608,1.7725883,0.16458821
1.549,1.6988343,0.14983428
1.497,1.6216571,0.124657154
1.441,1.5552206,0.11422062
1.47,1.5102458,0.04024577
1.4,1.6014087,0.20140874
1.268,1.4491832,0.18118322
1.297,1.321976,0.024975896
1.388,1.4182464,0.030246377
1.41,1.5406585,0.1306585
1.388,1.5193799,0.13137984
1.355,1.4639909,0.10899091
1.285,1.4372159,0.15221596
1.2,1.3349147,0.13491464
1.192,1.2641945,0.07219446
1.218,1.2951825,0.07718241
1.287,1.331979,0.044979095
1.309,1.4321996,0.12319958
1.276,1.4066906,0.13069057
1.246,1.3578805,0.11188042
1.118,1.3246211,0.20662105
1.114,1.1501676,0.03616762
1.113,1.227433,0.11443293
1.014,1.2056724,0.19167233
0.94,1.0814129,0.14141291
0.988,1.0109775,0.022977531
1.05,1.1187856,0.06878567
1.215,1.1830848,0.031915188
1.219,1.4070854,0.18808544
1.263,1.3067257,0.04372573
1.409,1.3924125,0.016587496
1.472,1.5644853,0.09248531
1.439,1.5852714,0.14627135
1.398,1.5050418,0.107041836
1.299,1.4587185,0.15971851
1.251,1.3431641,0.09216404
1.229,1.3290577,0.10005772
1.192,1.3242583,0.1322583
1.236,1.2805169,0.04451692
1.357,1.3660946,0.009094596
1.4,1.5210141,0.12101412
1.331,1.5072472,0.17624724
1.411,1.3841844,0.026815653
1.514,1.5538081,0.039808035
1.515,1.6477346,0.13273466
1.36,1.6020153,0.24201524
0.77,1.3628335,0.5928335
0.475,0.624317,0.149317
0.392,0.46120566,0.06920567
0.265,0.43073243,0.16573244
0.304,0.29320842,0.01079157
0.322,0.3769634,0.05496341
0.092,0.3794133,0.2874133
0.053,0.08367205,0.030672047
0.032,0.076957345,0.044957343
0.036,0.009367108,0.02663289
0.04,0.05418569,0.014185689
0.041,0.03219086,0.008809142
0.052,0.053577244,0.0015772432
0.275,0.06152612,0.21347389
1.048,0.41164657,0.6363534
1.37,1.748955,0.378955
0.959,1.8380275,0.8790275
0.625,1.00362,0.37862003
0.066,0.49894127,0.43294126
0.0,0.0,0.0
0.0,0.0,0.0
0.0,0.0,0.0
0.0,0.007885098,0.007885098
0.0,0.0,0.0
0.0,0.0,0.0
0.0,0.0,0.0
0.0,0.0,0.0
0.0,0.0,0.0
0.0,0.0,0.0
0.0,0.0,0.0
0.0,0.0,0.0
0.0,0.0,0.0
2.837,0.0,2.837
15.07,6.4975524,8.572447
13.999,15.452465,1.4534655
12.662,12.208657,0.45334244
11.702,12.496726,0.7947264
11.654,11.441046,0.21295452
9.15,11.3162775,2.166278
7.315,8.219402,0.90440226
4.723,5.9336534,1.2106533
2.669,3.5899782,0.9209783
0.996,2.4577553,1.4617553
0.381,0.28662622,0.09437379
0.583,0.14560962,0.4373904
0.003,0.85863143,0.8556314
0.032,0.0,0.032
0.034,0.10264605,0.06864605
0.0,0.08989102,0.08989102
0.0,0.061020434,0.061020434
0.0,0.0,0.0
0.0,0.0,0.0
0.0,0.0,0.0
0.0,0.0,0.0
0.0,0.0,0.0
0.0,0.0,0.0
0.0,0.0,0.0
0.0,0.0,0.0
0.0,0.0,0.0
0.0,0.0,0.0
0.0,0.0,0.0
0.0,0.0,0.0
0.0,0.0,0.0
0.0,0.0,0.0
0.0,0.0,0.0
0.0,0.0,0.0
0.0,0.0,0.0
0.0,0.0,0.0
0.0,0.0,0.0
0.0,0.0,0.0
0.0,0.0,0.0
0.0,0.0,0.0
0.0,0.0,0.0
0.0,0.0,0.0
0.0,0.0,0.0
0.0,0.0,0.0
0.0,0.0,0.0
0.0,0.0,0.0
0.0,0.0,0.0
0.0,0.0,0.0
0.0,0.0,0.0
0.0,0.0,0.0
0.0,0.0,0.0
0.0,0.0,0.0
0.0,0.0,0.0
0.0,0.0,0.0
0.0,0.0,0.0
0.0,0.0,0.0
0.0,0.0,0.0
0.0,0.0,0.0
0.0,0.0,0.0
0.0,0.0,0.0
0.0,0.0,0.0
0.0,0.0,0.0
0.0,0.0,0.0
0.0,0.0,0.0
0.0,0.0,0.0
0.0,0.0,0.0
0.0,0.0,0.0
0.0,0.0,0.0
0.0,0.0,0.0
0.0,0.0,0.0
0.0,0.0,0.0
0.0,0.0,0.0
0.0,0.0,0.0
0.0,0.0,0.0
0.0,0.0,0.0
0.0,0.0,0.0
0.0,0.0,0.0
0.0,0.0,0.0
0.0,0.0,0.0
0.0,0.0,0.0
0.0,0.0,0.0
0.025,0.0,0.025
0.047,0.0,0.047
0.067,0.0,0.067
0.083,0.016425014,0.06657498
0.231,0.03636056,0.19463944
0.325,0.28256667,0.04243332
0.327,0.40324834,0.07624835
0.402,0.4185631,0.016563088
0.353,0.4980795,0.14507952
0.085,0.36558864,0.28058863
0.077,0.017751992,0.059248008
0.15,0.054156065,0.09584394
0.15,0.12593305,0.024066955
0.184,0.19019318,0.006193176
0.319,0.23916218,0.07983783
0.405,0.43934554,0.034345537
0.613,0.54505336,0.06794661
0.769,0.88980985,0.12080985
0.782,1.0003357,0.21833569
0.716,0.9618125,0.24581248
0.673,0.80003834,0.12703836
0.543,0.76976806,0.22676808
0.468,0.5836222,0.11562222
0.594,0.5423765,0.051623464
1.044,0.7369501,0.30704993
1.7,1.4080573,0.29194272
2.002,2.243411,0.24141097
1.942,2.2164445,0.27444446
1.742,1.9294097,0.18740976
1.546,1.6519601,0.10596013
1.724,1.5161699,0.20783007
2.079,2.0230272,0.055972815
2.087,2.4410415,0.35404158
1.951,2.1739872,0.22298717
1.59,1.9717453,0.38174522
1.081,1.453454,0.37245405
0.883,0.9605911,0.07759106
0.984,0.93371695,0.050283074
1.106,1.1580857,0.052085757
1.338,1.3040867,0.033913374
1.323,1.5888753,0.26587534
1.098,1.3929214,0.2949214
0.802,1.0870023,0.2850023
0.614,0.77243924,0.15843922
0.454,0.6287007,0.17470068
0.367,0.4773758,0.11037579
0.258,0.4217891,0.16378912
0.134,0.28200704,0.14800704
0.072,0.15037388,0.07837388
0.061,0.078968644,0.017968643
0.049,0.066598296,0.017598297
0.034,0.051385283,0.017385282
0.023,0.035574973,0.012574973
0.018,0.019955933,0.0019559339
0.034,0.016723335,0.017276667
0.051,0.042244434,0.008755565
0.063,0.06787443,0.0048744306
0.071,0.09015536,0.01915536
0.069,0.10129446,0.03229446
0.064,0.09804636,0.03404636
0.079,0.08989447,0.01089447
0.131,0.110349715,0.020650283
0.162,0.18683892,0.024838924
0.085,0.22929949,0.14429948
0.064,0.10929203,0.045292027
0.058,0.078606665,0.020606667
0.051,0.03936577,0.011634231
0.029,0.058674812,0.029674813
0.0,0.018682659,0.018682659
0.0,0.0,0.0
0.0,0.0,0.0
0.0,0.0,0.0
0.0,0.0,0.0
0.0,0.0,0.0
0.0,0.0,0.0
0.0,0.0,0.0
0.0,0.0,0.0
0.0,0.0,0.0
0.009,0.0,0.009
0.032,0.0,0.032
0.048,0.0,0.048
0.058,0.0,0.058
0.073,0.010714114,0.062285885
0.079,0.02746439,0.051535614
0.081,0.032554448,0.048445553
0.128,0.038329065,0.08967094
0.126,0.11461663,0.01138337
0.084,0.10447794,0.020477943
0.076,0.05751294,0.018487059
0.078,0.036527455,0.041472547
0.079,0.039313436,0.039686568
0.072,0.059521377,0.01247862
0.069,0.054688275,0.014311723
0.068,0.053465843,0.0145341605
0.071,0.049749553,0.02125045
0.083,0.05928284,0.023717158
0.084,0.07890189,0.005098112
0.118,0.08099848,0.03700152
0.31,0.13675183,0.17324817
0.325,0.44605613,0.12105614
0.384,0.4168652,0.032865196
0.476,0.5519834,0.075983405
0.386,0.58794105,0.20194104
0.283,0.43796808,0.15496808
0.306,0.30988216,0.0038821697
0.374,0.35080266,0.023197353
0.417,0.45970142,0.042701423
0.491,0.5260517,0.035051703
0.563,0.6311255,0.06812549
0.646,0.7064338,0.060433745
0.767,0.81496274,0.047962725
1.006,0.9573027,0.048697352
1.281,1.2723744,0.008625627
1.446,1.5548031,0.10880315
1.629,1.6346598,0.0056598186
1.846,1.8119283,0.034071684
1.959,2.032997,0.0739969
1.819,2.0766299,0.25762987
1.836,1.7830586,0.052941322
1.806,1.9700558,0.16405582
1.931,1.8749244,0.056075573
1.857,2.1686583,0.31165826
1.713,1.9036291,0.190629
1.639,1.7470238,0.10802376
1.745,1.7565739,0.011573911
1.844,1.8939455,0.049945474
1.839,2.0936632,0.25466323
1.85,1.8752077,0.025207639
2.01,2.005569,0.0044310093
2.222,2.2305303,0.008530378
2.464,2.4230058,0.040994167
3.502,2.8483448,0.6536553
4.77,4.719556,0.050444126
4.818,5.6837325,0.86573267
3.91,4.373218,0.46321797
3.382,3.5434883,0.1614883
3.872,3.202399,0.66960096
4.636,4.8709526,0.23495245
5.377,5.415004,0.03800392
4.278,6.0512323,1.7732325
3.319,2.9128156,0.40618443
4.516,3.1193144,1.3966854
6.499,5.895687,0.60331297
7.358,7.5675163,0.20951653
16.0,7.493694,8.506306
16.0,14.115689,1.8843107
16.0,16.151503,0.15150261
16.0,14.8043585,1.1956415
16.0,15.63674,0.36326027
16.0,15.879202,0.12079811
15.899,15.7374115,0.16158867
14.297,15.69279,1.3957901
8.603,12.784123,4.1811237
2.318,6.628808,4.310808
0.341,0.3775508,0.03655082
0.686,0.70209855,0.016098559
1.539,0.8878669,0.6511331
2.711,2.0859494,0.62505054
2.612,4.6629314,2.0509315
3.398,1.9139931,1.4840069
5.291,5.157319,0.13368082
4.656,6.257947,1.6019468
3.431,3.0761836,0.35481644
3.68,3.6457298,0.034270287
1.737,4.2494583,2.5124583
1.119,0.7720431,0.34695685
0.075,1.4821334,1.4071333
0.0,0.0,0.0
0.0,0.0,0.0
0.0,0.0,0.0
0.0,0.05243796,0.05243796
0.0,0.0,0.0
0.0,0.0,0.0
0.0,0.0,0.0
0.0,0.0,0.0
0.0,0.0,0.0
0.0,0.0,0.0
0.0,0.0,0.0
0.0,0.0,0.0
0.0,0.0,0.0
0.0,0.0,0.0
0.01,0.0,0.01
0.044,0.009631693,0.034368306
0.041,0.0576244,0.016624399
0.008,0.05345285,0.045452848
0.037,0.006603539,0.030396461
0.043,0.038046777,0.004953224
0.035,0.03422314,0.00077686086
0.0,0.038544297,0.038544297
0.0,0.0,0.0
0.0,0.0,0.0
0.0,0.0,0.0
0.0,0.0,0.0
0.0,0.0,0.0
0.0,0.0,0.0
0.0,0.0,0.0
0.0,0.0,0.0
0.0,0.0,0.0
0.0,0.0,0.0
0.0,0.0,0.0
0.425,0.0,0.425
3.84,0.6661207,3.1738791
12.938,8.92784,4.0101595
16.0,15.158872,0.84112835
16.0,16.272911,0.27291107
16.0,15.681923,0.3180771
16.0,16.048544,0.04854393
15.971,15.747159,0.22384071
14.539,16.006266,1.4672661
11.993,13.047207,1.0542068
11.129,10.8609705,0.2680292
9.706,10.979977,1.2739763
11.602,8.692405,2.9095955
12.372,12.122034,0.24996567
14.121,13.213293,0.9077072
14.296,14.239001,0.056998253
14.286,14.760511,0.47451115
14.042,13.708232,0.3337679
11.728,13.914034,2.1860342
11.22,9.849182,1.3708181
8.085,11.453186,3.368186
6.055,6.9575586,0.9025588
5.122,5.0064645,0.115535736
3.001,5.8005924,2.7995925
1.69,2.2410085,0.55100846
1.639,1.4166487,0.22235131
1.369,1.5044167,0.13541675
0.81,1.2193128,0.40931278
0.826,0.6841467,0.14185327
1.444,0.9617534,0.48224658
1.832,2.3364654,0.50446534
1.797,1.9577255,0.16072547
1.998,2.2250617,0.22706163
1.947,2.3094447,0.36244464
1.656,2.0395842,0.38358414
1.056,1.5788684,0.5228684
0.504,0.7885238,0.2845238
0.515,0.32146844,0.19353154
0.89,0.6618083,0.22819167
2.133,1.1054559,1.027544
3.766,3.3290877,0.4369123
4.013,5.3830223,1.3700223
1.444,3.3934207,1.9494207
0.629,0.6960705,0.067070484
0.842,0.48990005,0.35209996
1.7,0.84369594,0.8563041
3.553,2.5133457,1.0396543
6.475,5.6667557,0.8082442
8.716,8.153399,0.56260014
10.074,9.60907,0.46493053
9.692,10.374342,0.6823416
9.862,10.384441,0.5224409
11.132,8.516456,2.6155443
11.611,12.246247,0.63524723
12.61,11.379301,1.2306986
12.468,12.605834,0.1378336
12.368,13.110259,0.742259
11.715,11.5740795,0.14092064
11.761,11.383042,0.37795734
12.026,11.795698,0.23030186
11.838,11.909407,0.071406364
11.337,12.187871,0.8508711
12.959,10.945361,2.0136385
14.698,14.058308,0.6396923
15.213,15.218061,0.0050611496
15.798,15.243889,0.5541115
15.938,15.893303,0.044696808
15.834,15.730469,0.103530884
11.806,15.725902,3.9199018
10.504,9.522812,0.9811878
8.575,10.520603,1.9456034
7.24,7.865087,0.62508726
7.273,6.1621437,1.110856
7.408,8.911389,1.5033894
6.659,6.7753468,0.116346836
6.999,6.0162797,0.9827204
7.604,8.029412,0.42541218
8.47,7.692512,0.77748823
8.639,8.926037,0.2870369
11.051,8.887399,2.163601
16.0,12.373922,3.6260777
8.599,15.841953,7.2429533
3.453,6.003374,2.550374
2.021,1.5368801,0.48411977
5.771,1.6498196,4.1211805
6.209,11.045704,4.836704
3.067,5.321508,2.254508
2.843,2.0706387,0.7723613
5.662,4.026926,1.6350741
8.002,8.322638,0.3206377
10.273,8.999418,1.2735815
6.729,10.84257,4.11357
9.09,5.765959,3.3240414
9.016,10.716754,1.7007542
8.857,9.063169,0.20616817
12.712,8.268759,4.443241
12.2,12.999373,0.7993736
8.305,11.821768,3.5167675
5.042,6.7639947,1.7219949
3.334,3.2328389,0.10116124
3.288,3.1527414,0.13525867
3.83,3.1621432,0.6678567
3.93,4.42606,0.49606013
4.728,3.9448273,0.78317285
6.13,5.778364,0.35163593
6.773,7.079696,0.30669641
6.294,6.990498,0.6964979
5.682,6.07914,0.39714003
5.414,5.2100105,0.2039895
5.545,5.4701443,0.074855804
5.229,5.580484,0.35148382
5.558,4.9658046,0.5921955
5.598,6.1971035,0.59910345
5.795,5.263359,0.531641
5.862,6.5111904,0.6491904
6.306,5.5377283,0.7682719
7.535,7.2254453,0.30955458
8.892,8.21549,0.67650986
9.825,9.81578,0.009220123
10.408,10.108564,0.29943562
10.862,10.437109,0.42489147
10.955,10.947359,0.0076408386
10.937,10.700028,0.23697186
11.133,10.852827,0.2801733
11.518,11.236788,0.28121185
11.389,11.727117,0.33811665
11.637,11.053388,0.58361244
12.066,11.916838,0.14916229
12.426,12.183559,0.24244022
11.894,12.660156,0.7661562
9.799,11.116434,1.3174343
9.601,8.267085,1.3339148
10.128,9.80836,0.31964016
9.791,10.760956,0.96995544
10.361,9.094239,1.2667608
9.922,11.2965145,1.3745146
10.11,8.901631,1.2083683
10.532,10.430567,0.1014328
10.784,11.244121,0.4601202
10.811,10.638338,0.17266178
11.051,11.065679,0.014678955
10.932,10.76007,0.17193031
10.761,10.654106,0.10689354
10.369,10.725016,0.3560152
9.6,10.003157,0.40315628
8.9,8.989668,0.089668274
8.017,8.258602,0.24160194
6.662,7.3695784,0.7075782
6.042,5.839987,0.20201302
5.829,6.0202575,0.19125748
5.52,5.8465285,0.32652855
5.614,5.3911,0.22289991
6.142,6.027874,0.114126205
6.107,6.6137094,0.5067096
5.845,5.956898,0.11189842
6.949,5.919305,1.029695
7.025,8.098605,1.0736051
6.981,6.4734783,0.5075216
6.808,7.216377,0.4083767
6.531,6.8149495,0.28394938
6.471,6.28009,0.19091034
6.712,6.624627,0.08737278
6.911,6.8203673,0.09063244
6.336,7.143755,0.807755
5.848,5.8057165,0.042283535
6.384,5.7930374,0.5909624
6.356,7.1342854,0.7782855
6.547,5.976303,0.57069683
6.936,7.114466,0.17846632
8.427,7.1818395,1.2451606
8.736,9.607419,0.87141895
8.211,8.453406,0.24240589
7.711,7.5127835,0.19821644
7.924,7.4882603,0.43573952
7.894,8.085818,0.19181824
6.691,7.6905355,0.99953556
5.536,5.8146043,0.2786045
4.682,5.020865,0.3388648
4.185,4.3159704,0.13097048
3.855,4.005489,0.15048885
3.984,3.7042325,0.2797675
4.892,4.251352,0.64064837
5.962,5.7254934,0.23650646
5.762,6.63709,0.8750901
4.533,5.381397,0.8483968
3.751,4.1881137,0.43711376
3.693,3.3481457,0.34485435
4.823,3.7995803,1.0234196
6.658,5.921909,0.73609114
6.688,7.6400065,0.95200634
6.103,6.522801,0.41980076
4.972,6.158227,1.1862268
4.389,4.0416813,0.34731865
5.175,4.442931,0.732069
6.2,5.729602,0.47039795
6.054,6.9615774,0.9075775
4.936,5.698661,0.762661
3.072,4.7478285,1.6758285
2.179,2.0453422,0.1336577
3.878,2.117512,1.760488
4.779,5.68187,0.9028702
3.839,4.873744,1.034744
3.333,3.6727786,0.33977866
5.21,3.6589086,1.5510914
6.621,6.605839,0.015161037
4.64,7.317558,2.677558
3.254,3.322384,0.06838417
1.899,3.5511782,1.6521782
0.995,0.90494573,0.09005427
0.718,1.1543865,0.43638653
0.504,0.44525346,0.058746547
0.412,0.5928266,0.1808266
0.814,0.47534037,0.33865964
0.971,1.1458987,0.17489868
0.928,1.2209631,0.29296315
1.313,1.1009026,0.2120974
1.81,1.7150148,0.09498513
1.744,2.2417674,0.49776745
1.534,1.7612097,0.22720969
1.14,1.4460003,0.30600035
0.716,1.0335516,0.31755155
0.787,0.59432995,0.19267005
0.769,0.91944253,0.15044254
1.003,0.82298154,0.18001848
1.227,1.2670795,0.040079474
1.102,1.4166663,0.31466627
0.779,1.1416287,0.36262876
0.287,0.7341374,0.44713742
0.479,0.21383744,0.26516256
1.084,0.60474896,0.47925103
0.726,1.4819955,0.75599545
0.867,0.67932194,0.18767804
1.165,1.1232517,0.041748285
0.904,1.3553079,0.45130795
0.767,0.9231755,0.1561755
0.859,0.8179032,0.041096807
0.542,1.0020441,0.4600441
0.084,0.502603,0.418603
0.098,0.05816734,0.03983266
0.747,0.13753611,0.6094639
1.103,1.0781183,0.02488172
2.779,1.4146264,1.3643737
1.99,4.706091,2.716091
1.79,1.2227331,0.5672668
2.421,1.9327216,0.4882784
2.054,2.9143186,0.86031866
2.002,1.8474338,0.15456629
2.159,2.3721697,0.21316981
2.121,2.0102398,0.11076021
1.718,2.2563832,0.5383831
1.29,1.4725604,0.18256044
1.267,1.2233796,0.043620348
1.21,1.3627518,0.1527518
2.044,1.2840363,0.75996363
3.406,2.8222175,0.58378243
3.96,4.7983036,0.83830357
4.599,3.8859344,0.7130656
4.469,5.48831,1.01931
3.861,3.923433,0.062433004
3.664,3.3083477,0.35565233
3.597,4.2148023,0.6178024
3.145,3.7052736,0.56027365
3.077,2.9135816,0.1634183
2.527,3.2461271,0.7191272
1.993,2.24967,0.25667
1.926,2.172993,0.24699295
2.348,1.8662145,0.48178554
2.451,3.1406214,0.68962145
2.539,2.422596,0.11640406
2.415,2.9474392,0.53243923
2.254,2.4469523,0.1929524
2.269,2.1995127,0.06948733
1.977,2.559831,0.5828309
1.826,1.7291367,0.09686327
1.848,2.1059,0.2579
1.591,1.8636298,0.27262986
1.408,1.6465852,0.23858523
0.771,1.4754953,0.7044953
0.992,0.60014915,0.39185083
9.424,1.3032341,8.120766
11.765,11.301059,0.46394157
7.94,12.897379,4.957379
6.723,6.0303993,0.6926007
3.663,6.5361843,2.8731842
0.953,2.7235887,1.7705886
0.953,0.40032277,0.5526773
0.511,1.4775009,0.96650094
0.547,0.0,0.547
0.144,0.7717347,0.6277347
0.054,0.20101887,0.14701886
0.047,0.13220423,0.085204236
0.028,0.095933735,0.06793374
0.0,0.0,0.0
0.0,0.0,0.0
0.0,0.0,0.0
0.0,0.0,0.0
0.0,0.0,0.0
0.0,0.0,0.0
0.0,0.0,0.0
0.0,0.0,0.0
0.012,0.0,0.012
0.059,0.00910604,0.04989396
0.357,0.081557274,0.27544272
0.175,0.5655602,0.3905602
0.366,0.18694091,0.17905909
0.063,0.62866104,0.565661
0.04,0.0,0.04
0.0,0.1319927,0.1319927
0.0,0.0,0.0
0.0,0.041218996,0.041218996
0.0,0.0,0.0
0.0,0.014392257,0.014392257
0.0,0.0,0.0
0.0,0.0,0.0
0.0,0.0,0.0
0.0,0.0,0.0
0.0,0.0,0.0
0.0,0.0,0.0
0.028,0.0,0.028
0.054,0.0,0.054
0.052,0.02635318,0.02564682
0.019,0.023493886,0.0044938866
0.0,0.0,0.0
0.045,0.0,0.045
0.074,0.0,0.074
0.557,0.036688864,0.5203111
1.838,0.93369246,0.9043076
2.985,3.4475918,0.4625919
1.768,4.0301514,2.2621512
0.764,1.0752901,0.3112901
0.663,0.5779327,0.08506727
1.221,0.35399967,0.8670003
1.69,1.7709548,0.08095479
1.849,2.1795287,0.33052874
2.185,2.1374013,0.0475986
2.846,2.6156068,0.23039317
3.605,3.360572,0.24442792
4.669,4.0947127,0.5742874
5.704,5.525473,0.17852688
6.233,6.2236047,0.0093951225
6.145,6.30288,0.15787983
6.506,6.2466574,0.25934267
6.85,7.144614,0.29461432
7.308,6.582281,0.725719
7.629,7.8177576,0.18875742
7.889,7.0326695,0.8563304
8.576,8.533298,0.042702675
9.162,8.481755,0.68024445
9.202,9.98384,0.7818403
9.281,8.816041,0.46495914
10.114,9.086038,1.0279627
10.72,11.534361,0.8143606
11.044,10.478688,0.56531143
11.273,11.890953,0.6179533
11.58,11.0764885,0.5035114
11.648,11.600752,0.047247887
11.274,11.865751,0.5917511
11.217,10.866855,0.35014534
11.084,11.68016,0.59615993
11.089,10.631105,0.45789433
10.982,11.245768,0.26376724
11.044,10.92825,0.11574936
10.935,11.177857,0.24285698
10.7,11.000886,0.30088615
10.719,10.284039,0.43496132
11.234,10.9729185,0.2610817
11.715,11.689992,0.025008202
12.077,12.073561,0.0034389496
12.089,12.481001,0.39200115
11.792,11.769211,0.022789001
11.35,11.527747,0.17774677
10.721,10.905169,0.18416882
9.816,10.377306,0.561306
9.094,9.191423,0.09742355
9.06,8.554776,0.5052242
9.373,9.396353,0.023352623
9.287,9.608781,0.32178116
8.906,9.030415,0.124414444
8.743,8.495667,0.24733257
8.501,8.598008,0.09700775
8.191,8.353458,0.16245842
7.387,7.9316688,0.5446687
6.671,6.78646,0.11545992
6.552,6.2836857,0.26831436
6.45,6.8417263,0.3917265
6.787,6.3442945,0.44270563
7.134,7.2694774,0.13547754
7.654,7.4180055,0.23599434
8.363,8.010682,0.3523178
8.769,8.948635,0.17963505
8.509,8.701201,0.19220161
8.101,8.055754,0.045246124
8.142,7.650481,0.49151897
8.201,8.339942,0.13894176
8.235,8.206301,0.028698921
8.01,8.160496,0.15049553
7.613,7.747173,0.13417292
7.13,7.199114,0.06911373
7.028,6.835373,0.19262695
7.177,7.113474,0.06352615
7.498,7.356472,0.14152813
7.602,7.7299542,0.127954
7.438,7.5809603,0.14296007
7.024,7.198585,0.17458487
6.488,6.710967,0.22296715
6.185,6.1756206,0.009379387
6.468,6.1750565,0.29294348
7.324,6.8960643,0.4279356
8.371,8.047953,0.32304764
9.002,9.054517,0.052516937
9.122,9.198297,0.07629681
9.331,8.825664,0.50533676
9.403,9.329679,0.07332134
9.689,9.325402,0.36359787
10.151,9.920409,0.23059082
10.612,10.488661,0.12333965
11.126,10.80288,0.32312012
11.358,11.423665,0.065665245
11.453,11.256313,0.19668674
11.883,11.48957,0.3934307
11.902,12.216064,0.31406403
11.597,11.68761,0.09060955
11.122,11.445167,0.32316685
11.023,10.521122,0.5018778
11.368,11.09976,0.26823997
11.755,11.693658,0.06134224
12.15,12.0528755,0.0971241
12.706,12.535011,0.17098904
13.104,12.970553,0.1334467
13.239,13.249641,0.010641098
13.467,13.258495,0.20850468
13.624,13.681559,0.057559013
13.384,13.658431,0.27443123
13.036,13.2290325,0.19303226
12.647,12.801674,0.15467358
12.121,12.317982,0.19698143
11.035,11.722176,0.68717575
10.563,10.068859,0.49414062
10.17,10.581152,0.4111519
9.748,9.841581,0.0935812
9.09,9.436658,0.34665775
7.242,8.647392,1.4053922
6.376,5.9554377,0.42056227
5.74,6.196956,0.4569564
5.36,5.4997854,0.13978529
5.525,5.2734213,0.2515788
5.725,5.977057,0.25205708
5.849,5.846996,0.0020041466
5.759,6.0324163,0.27341652
5.525,5.812967,0.28796673
5.579,5.4094534,0.1695466
6.131,5.858645,0.27235508
6.628,6.598398,0.029601574
7.07,6.9474115,0.122588634
7.712,7.4793034,0.23269653
8.268,8.033237,0.23476219
8.762,8.515128,0.24687195
8.979,8.90926,0.069740295
8.969,8.875468,0.09353161
9.193,8.72239,0.47060966
9.598,9.307586,0.29041386
10.017,9.838717,0.17828274
10.325,10.21295,0.11205006
10.77,10.392378,0.3776226
10.891,10.989975,0.09897518
10.583,10.708584,0.12558365
9.924,10.171343,0.24734306
9.392,9.254735,0.1372652
9.188,8.970434,0.21756554
10.005,9.205498,0.7995024
11.385,10.768741,0.6162596
13.169,12.239717,0.92928314
14.167,14.051846,0.11515427
14.125,14.370124,0.24512386
14.206,13.978096,0.22790432
14.126,14.289504,0.16350365
13.6,13.915422,0.31542206
13.045,13.316344,0.27134418
12.359,12.667905,0.30890465
11.062,11.793968,0.7319679
9.423,9.925792,0.5027914
7.785,8.260243,0.47524357
6.651,6.7874436,0.13644361
6.225,6.149575,0.07542467
6.376,6.2651,0.110899925
6.381,6.6103144,0.22931433
6.268,6.403452,0.1354518
6.033,6.3137136,0.28071356
5.62,5.9668283,0.34682846
5.456,5.4527936,0.003206253
5.175,5.5665245,0.3915243
5.236,4.9564366,0.27956343
5.668,5.542188,0.12581205
6.141,5.964024,0.17697573
6.745,6.580233,0.16476679
7.335,7.226588,0.108412266
8.308,7.7244687,0.5835309
6.732,8.871571,2.1395707
6.421,5.4934034,0.92759657
7.162,6.616689,0.545311
6.987,7.9945874,1.0075874
6.129,6.406106,0.2771058
5.766,5.7716146,0.0056147575
5.493,5.6616473,0.16864729
5.107,5.4438496,0.3368497
5.196,4.804283,0.39171696
