year,month,date,hour,forecast 0-surface_pressure,forecast 0-temp@2M,forecast 0-wind_gust_speed,forecast 0-2_M_rel_humid,forecast 0-temp_gnd_lvl,forecast 1-surface_pressure,forecast 1-temp@2M,forecast 1-wind_gust_speed,forecast 1-2_M_rel_humid,forecast 1-temp_gnd_lvl,forecast 2-surface_pressure,forecast 2-temp@2M,forecast 2-wind_gust_speed,forecast 2-2_M_rel_humid,forecast 2-temp_gnd_lvl
2010,01,01,23,100810.0,272.8,2.0,97.83,271.54,100880.0,273.0,3.0,97.53,272.67,100810.0,273.40000000000003,4.0,93.41,272.58
2010,01,02,23,100180.0,269.2,13.0,64.82000000000001,269.63,100370.0,269.1,17.0,65.91,269.01,100360.0,268.0,18.0,68.42,268.0
2010,01,03,23,99780.0,266.6,17.0,83.28,266.85,99930.0,266.90000000000003,20.0,80.13,266.85,99940.0,266.7,19.0,79.58,266.61
2010,01,04,23,100440.0,269.90000000000003,7.0,66.81,268.88,100590.0,269.40000000000003,9.0,74.28,268.51,100540.0,269.0,11.0,74.39,268.29
2010,01,05,23,100360.0,269.7,6.0,70.0,268.48,100440.0,269.1,7.0,77.97,268.16,100580.0,269.0,7.0,81.10000000000001,268.17
2010,01,06,23,100460.0,271.0,6.0,71.72,269.81,100630.0,270.3,7.0,77.69,269.54,100740.0,270.7,10.0,74.26,269.99
2010,01,07,23,101020.0,272.7,4.0,75.67,271.19,101050.0,271.8,5.0,83.82000000000001,270.86,101090.0,271.5,5.0,86.55,270.7
2010,01,08,23,100620.0,271.90000000000003,8.0,85.15,272.59000000000003,100770.0,272.3,10.0,83.08,272.22,100790.0,271.7,11.0,78.49,271.68
2010,01,09,23,101800.0,268.6,7.0,60.76,267.82,101970.0,268.3,8.0,64.93,267.34000000000003,102050.0,267.90000000000003,11.0,62.27,267.08
2010,01,10,23,102180.0,267.0,4.0,68.99,265.77,102220.0,267.0,5.0,73.3,266.18,102330.0,266.90000000000003,5.0,68.92,265.96
2010,01,11,23,101680.0,269.8,3.0,71.03,268.47,101710.0,268.7,5.0,78.87,267.81,101840.0,268.2,5.0,77.63,267.33
2010,01,12,23,101470.0,271.90000000000003,6.0,69.86,270.99,101740.0,271.1,8.0,74.42,270.32,101890.0,270.6,12.0,65.14,269.9
2010,01,13,23,102010.0,271.8,2.0,68.72,270.59000000000003,102120.0,272.0,2.0,69.02,270.39,102280.0,272.1,2.0,68.42,270.49
2010,01,14,23,102280.0,274.8,1.0,77.0,273.69,102250.0,274.3,2.0,79.7,271.43,102360.0,272.6,3.0,90.47,270.45
2010,01,15,23,101910.0,277.1,4.0,76.17,274.53000000000003,102180.0,275.7,5.0,80.0,274.24,102280.0,275.0,4.0,85.64,273.88
2010,01,16,23,101910.0,278.0,1.0,63.77,274.87,101930.0,276.8,2.0,76.05,273.98,101970.0,275.5,2.0,84.37,272.83
2010,01,17,23,100900.0,277.3,7.0,98.21000000000001,276.72,100930.0,277.6,12.0,99.12,277.35,100710.0,278.6,12.0,98.52,278.25
2010,01,18,23,100990.0,278.5,2.0,75.93,274.89,101070.0,276.8,3.0,85.08,274.26,101320.0,275.8,3.0,90.56,273.6
2010,01,19,23,101070.0,279.1,3.0,90.25,278.47,101130.0,278.7,2.0,93.48,278.15000000000003,101070.0,278.3,2.0,95.62,277.93
2010,01,20,23,101430.0,275.7,5.0,70.99,274.59000000000003,101550.0,274.1,6.0,83.05,273.43,101600.0,274.0,7.0,71.35000000000001,273.08
2010,01,21,23,102150.0,274.2,2.0,75.2,273.83,102110.0,273.90000000000003,2.0,80.09,272.98,102000.0,272.8,2.0,87.46000000000001,272.1
2010,01,22,23,101430.0,275.8,5.0,62.79,274.06,101520.0,274.6,8.0,73.92,273.77,101480.0,274.7,10.0,74.74,273.99
2010,01,23,23,102420.0,272.90000000000003,1.0,72.44,271.88,102410.0,273.1,1.0,70.64,271.75,102450.0,272.90000000000003,2.0,75.04,271.75
2010,01,24,23,101610.0,280.0,5.0,90.47,278.87,101500.0,280.1,6.0,96.29,279.47,101390.0,280.7,7.0,98.72,280.07
2010,01,25,23,99240.0,283.5,10.0,94.97,283.1,99220.0,282.90000000000003,12.0,97.37,282.79,99390.0,282.1,10.0,96.62,282.12
2010,01,26,23,100680.0,277.6,7.0,56.89,276.46,100830.0,276.0,6.0,72.69,274.99,100890.0,275.6,7.0,74.41,274.69
2010,01,27,23,101870.0,274.5,7.0,60.88,273.47,101970.0,273.5,7.0,63.550000000000004,272.63,102080.0,272.90000000000003,8.0,63.300000000000004,272.14
2010,01,28,23,101130.0,276.40000000000003,8.0,67.44,276.17,101470.0,275.6,16.0,65.2,275.2,101670.0,273.2,16.0,68.27,272.83
2010,01,29,23,102280.0,266.40000000000003,11.0,50.72,266.14,102240.0,266.2,11.0,56.730000000000004,265.7,102280.0,266.0,15.0,58.53,265.5
2010,01,30,23,101780.0,267.1,5.0,60.730000000000004,267.61,101540.0,268.0,8.0,65.88,267.9,101540.0,268.3,8.0,59.43,268.15
2010,01,31,23,101780.0,268.8,3.0,62.0,268.16,101950.0,268.3,4.0,72.4,267.56,101930.0,268.40000000000003,6.0,73.61,267.52
2010,02,01,23,102160.0,272.40000000000003,5.0,56.97,270.83,102160.0,271.3,5.0,65.48,270.26,102380.0,270.6,6.0,67.97,269.6
2010,02,02,23,102150.0,272.2,2.0,69.71000000000001,271.37,102130.0,271.6,3.0,77.74,271.15,102070.0,271.8,3.0,77.19,271.24
2010,02,03,23,101530.0,273.40000000000003,4.0,83.35000000000001,272.83,101560.0,273.2,4.0,88.94,272.79,101860.0,273.3,6.0,81.47,272.65
2010,02,04,23,102570.0,272.90000000000003,4.0,60.92,272.08,102670.0,272.5,4.0,75.60000000000001,272.06,102810.0,272.6,5.0,70.59,272.04
2010,02,05,23,101930.0,274.5,3.0,71.26,274.38,101900.0,274.40000000000003,3.0,71.82000000000001,274.04,101810.0,273.90000000000003,2.0,79.9,273.65000000000003
2010,02,06,23,100360.0,269.3,11.0,58.94,269.07,100500.0,269.3,13.0,66.42,268.96,100600.0,269.1,15.0,63.7,268.71
2010,02,07,23,100960.0,271.3,7.0,62.120000000000005,269.81,101110.0,270.3,8.0,70.77,269.34000000000003,101180.0,269.90000000000003,10.0,72.09,269.07
2010,02,08,23,101280.0,273.7,9.0,64.98,272.43,101470.0,273.0,9.0,66.75,272.38,101510.0,272.6,11.0,65.79,272.19
2010,02,09,23,101210.0,275.3,3.0,66.43,274.13,101040.0,273.7,2.0,81.55,272.46,100910.0,274.0,1.0,79.93,273.25
2010,02,10,23,98260.0,273.1,18.0,99.98,273.31,98460.0,273.3,19.0,95.44,273.16,98450.0,273.1,21.0,93.25,273.01
2010,02,11,23,100240.0,272.3,8.0,66.61,270.56,100490.0,270.7,7.0,79.60000000000001,269.65,100530.0,270.7,8.0,79.79,269.62
2010,02,12,23,100710.0,270.0,4.0,69.44,266.84000000000003,100860.0,267.0,5.0,85.9,265.27,100850.0,266.40000000000003,5.0,85.56,265.01
2010,02,13,23,99700.0,271.40000000000003,9.0,56.0,269.92,99670.0,270.40000000000003,9.0,70.36,269.55,99840.0,270.7,9.0,71.61,269.99
2010,02,14,23,100210.0,272.8,5.0,64.79,270.57,100390.0,271.2,7.0,78.3,269.98,100530.0,272.8,10.0,73.63,271.87
2010,02,15,23,100690.0,273.3,4.0,68.86,270.34000000000003,100780.0,271.2,5.0,85.24,269.73,100750.0,273.2,5.0,82.83,272.44
2010,02,16,23,99490.0,273.0,7.0,97.61,273.11,99730.0,273.2,9.0,96.85000000000001,273.11,99740.0,273.1,12.0,96.64,273.11
2010,02,17,23,99830.0,271.90000000000003,5.0,76.61,270.74,99950.0,272.3,7.0,73.66,271.48,99870.0,272.5,10.0,71.52,271.94
2010,02,18,23,100150.0,275.90000000000003,10.0,68.02,273.74,100320.0,273.0,7.0,83.73,271.84000000000003,100310.0,272.8,8.0,85.81,271.84000000000003
2010,02,19,23,100680.0,276.5,8.0,66.45,273.89,100820.0,273.0,5.0,85.83,271.94,100920.0,272.90000000000003,7.0,87.27,271.85
2010,02,20,23,101130.0,275.90000000000003,6.0,70.57000000000001,272.42,101160.0,272.3,5.0,89.36,270.98,101310.0,271.5,5.0,93.62,270.39
2010,02,21,23,101140.0,272.8,5.0,64.87,268.39,101320.0,269.0,4.0,85.86,267.13,101410.0,269.5,5.0,86.35000000000001,268.07
2010,02,22,23,101230.0,274.90000000000003,3.0,67.33,271.13,101270.0,273.8,3.0,79.9,273.09000000000003,101200.0,274.0,4.0,83.67,273.36
2010,02,23,23,100740.0,275.3,11.0,97.87,274.37,100760.0,275.1,13.0,98.22,274.66,100700.0,275.5,14.0,98.33,274.98
2010,02,24,23,100470.0,276.3,6.0,97.01,274.63,100530.0,275.2,5.0,100.0,274.42,100530.0,274.8,5.0,100.0,274.16
2010,02,25,23,98380.0,275.6,10.0,99.02,274.35,98100.0,274.7,17.0,98.01,274.37,97940.0,274.1,17.0,97.16,273.90000000000003
2010,02,26,23,99200.0,272.6,3.0,96.83,272.85,99420.0,272.8,4.0,95.71000000000001,272.57,99530.0,272.8,5.0,97.2,272.56
2010,02,27,23,100190.0,274.1,2.0,88.98,273.22,100370.0,273.8,2.0,91.21000000000001,273.16,100420.0,272.90000000000003,3.0,91.7,269.54
2010,02,28,23,100230.0,274.8,4.0,90.44,273.43,100420.0,274.0,4.0,96.79,273.46,100470.0,273.8,7.0,99.64,273.42
2010,03,01,23,100650.0,276.8,5.0,67.7,272.69,100840.0,274.8,6.0,80.8,273.51,100920.0,275.1,7.0,83.55,273.98
2010,03,02,23,101060.0,277.7,1.0,67.09,270.43,101050.0,275.0,2.0,76.18,269.56,100890.0,272.8,3.0,95.3,272.35
2010,03,03,23,99940.0,275.40000000000003,10.0,78.03,273.89,100000.0,274.7,14.0,86.73,274.31,100040.0,274.5,15.0,89.88,274.24
2010,03,04,23,100710.0,278.1,7.0,68.8,276.64,100890.0,275.7,6.0,91.51,275.91,100950.0,275.3,5.0,95.33,275.58
2010,03,05,23,101430.0,278.6,4.0,51.33,277.04,101530.0,277.0,3.0,63.54,275.98,101700.0,276.7,7.0,64.02,275.98
2010,03,06,23,101680.0,281.0,2.0,58.63,277.99,101750.0,278.6,3.0,75.13,277.49,101740.0,278.3,4.0,70.51,277.25
2010,03,07,23,101230.0,282.8,3.0,61.980000000000004,279.83,101450.0,279.5,4.0,81.55,278.65000000000003,101430.0,279.1,4.0,74.3,278.06
2010,03,08,23,100820.0,285.2,4.0,49.96,281.16,101050.0,281.5,5.0,64.64,279.96,101120.0,280.1,4.0,73.38,278.94
2010,03,09,23,101330.0,285.6,2.0,44.62,281.53000000000003,101450.0,283.2,2.0,54.14,280.02,101420.0,281.7,2.0,61.050000000000004,278.72
2010,03,10,23,101610.0,280.3,3.0,69.16,279.44,101670.0,279.40000000000003,3.0,73.45,278.55,101530.0,279.3,3.0,72.92,278.76
2010,03,11,23,101780.0,279.6,5.0,79.08,279.95,101800.0,279.3,7.0,83.25,279.3,101800.0,279.0,7.0,89.69,279.0
2010,03,12,23,101820.0,278.40000000000003,11.0,89.06,278.13,101790.0,277.90000000000003,17.0,96.71000000000001,277.90000000000003,101740.0,277.90000000000003,18.0,96.77,277.85
2010,03,13,23,100360.0,280.6,21.0,91.08,278.96,100170.0,279.0,21.0,95.87,278.89,100220.0,279.5,23.0,97.28,279.33
2010,03,14,23,99990.0,280.1,12.0,92.17,280.01,100000.0,280.0,16.0,83.83,279.67,99970.0,279.40000000000003,16.0,85.76,279.23
2010,03,15,23,100520.0,278.40000000000003,16.0,87.51,278.1,100620.0,277.90000000000003,18.0,85.79,277.72,100760.0,277.5,17.0,85.83,277.31
2010,03,16,23,101350.0,284.5,2.0,46.36,282.52,101470.0,282.0,3.0,51.46,280.52,101470.0,279.7,3.0,65.4,278.88
2010,03,17,23,101190.0,283.7,4.0,45.44,281.39,101330.0,281.3,6.0,53.04,280.04,101360.0,280.3,5.0,59.94,279.11
2010,03,18,23,100660.0,284.90000000000003,5.0,41.81,281.8,100790.0,281.90000000000003,5.0,55.17,280.64,100910.0,280.90000000000003,5.0,62.06,279.69
2010,03,19,23,101020.0,286.0,4.0,44.67,283.06,101210.0,283.2,4.0,51.79,281.72,101240.0,281.6,5.0,62.14,280.51
2010,03,20,23,101520.0,286.1,5.0,46.38,283.13,101620.0,282.8,6.0,63.85,281.85,101590.0,281.5,6.0,74.91,280.8
2010,03,21,23,101720.0,283.2,5.0,80.11,282.02,101770.0,281.7,5.0,88.58,281.36,101730.0,281.2,4.0,91.85000000000001,280.88
2010,03,22,23,101060.0,284.90000000000003,6.0,94.79,284.69,101160.0,283.8,8.0,97.04,283.99,101170.0,282.6,9.0,96.82000000000001,282.86
2010,03,23,23,99720.0,281.2,6.0,95.98,281.37,100020.0,281.2,6.0,97.14,281.27,99950.0,281.40000000000003,6.0,97.08,281.37
2010,03,24,23,101070.0,286.0,5.0,44.21,282.38,101340.0,282.3,4.0,64.95,281.01,101520.0,281.3,4.0,73.63,280.13
2010,03,25,23,100650.0,281.90000000000003,7.0,79.26,281.46,100770.0,281.1,6.0,84.46000000000001,280.87,100600.0,281.1,6.0,84.83,280.74
2010,03,26,23,101380.0,277.8,9.0,42.31,275.92,101450.0,276.6,8.0,52.56,275.63,101730.0,275.8,6.0,57.46,274.86
2010,03,27,23,102930.0,274.90000000000003,2.0,50.800000000000004,274.40000000000003,103050.0,274.1,2.0,67.54,273.53000000000003,102970.0,274.2,1.0,61.31,272.8
2010,03,28,23,101990.0,281.0,9.0,85.38,280.3,102030.0,279.90000000000003,8.0,91.75,279.47,101920.0,280.0,9.0,94.52,279.56
2010,03,29,23,100780.0,283.6,3.0,98.36,282.7,100710.0,282.90000000000003,3.0,99.76,282.71,100750.0,283.0,6.0,99.18,282.91
2010,03,30,23,99430.0,279.90000000000003,5.0,97.51,280.04,99550.0,279.5,3.0,94.71000000000001,279.88,99660.0,279.3,4.0,94.64,279.56
2010,03,31,23,101180.0,284.7,4.0,78.25,283.83,101270.0,283.8,4.0,83.08,283.37,101320.0,283.40000000000003,4.0,85.57000000000001,282.96
2010,04,01,23,101750.0,285.3,5.0,68.22,284.48,101940.0,283.3,3.0,72.54,282.79,101960.0,282.6,2.0,76.48,282.22
2010,04,02,23,102120.0,285.3,4.0,71.67,284.24,102250.0,283.5,3.0,80.63,283.42,102220.0,282.40000000000003,2.0,86.32000000000001,282.05
2010,04,03,23,101850.0,280.2,6.0,92.39,281.42,101940.0,280.5,5.0,93.78,280.86,101920.0,280.5,5.0,94.79,280.63
2010,04,04,23,101770.0,289.2,2.0,60.230000000000004,287.90000000000003,102170.0,287.3,4.0,64.44,286.23,102080.0,285.7,4.0,70.42,284.85
2010,04,05,23,101450.0,286.5,6.0,73.42,285.46,101680.0,284.7,6.0,83.52,284.42,101580.0,284.1,6.0,87.08,283.85
2010,04,06,23,100860.0,287.1,2.0,76.32000000000001,286.68,101130.0,286.1,5.0,81.37,286.11,101040.0,285.40000000000003,4.0,83.88,285.07
2010,04,07,23,100440.0,292.1,6.0,50.9,288.63,100630.0,288.90000000000003,7.0,66.21000000000001,287.6,100670.0,287.90000000000003,7.0,71.85000000000001,286.77
2010,04,08,23,100370.0,287.1,13.0,79.3,285.79,100500.0,285.7,11.0,86.2,285.33,100500.0,285.0,12.0,90.89,284.59000000000003
2010,04,09,23,100500.0,283.7,4.0,81.79,283.27,100700.0,283.5,3.0,84.97,283.27,100790.0,283.1,7.0,75.60000000000001,282.47
2010,04,10,23,102220.0,285.1,4.0,51.910000000000004,283.38,102530.0,283.0,5.0,63.32,281.75,102420.0,282.0,5.0,67.89,280.87
2010,04,11,23,101900.0,289.1,5.0,51.53,286.6,102090.0,287.3,3.0,66.41,285.5,102050.0,286.40000000000003,4.0,75.76,285.36
2010,04,12,23,102510.0,289.90000000000003,4.0,38.39,286.90000000000003,102730.0,286.3,3.0,56.32,284.69,102850.0,284.5,3.0,67.16,283.46
2010,04,13,23,103120.0,284.2,6.0,59.36,283.81,103270.0,282.6,4.0,72.18,281.86,103200.0,281.6,3.0,79.78,280.93
2010,04,14,23,102770.0,286.40000000000003,5.0,47.14,284.3,102890.0,283.6,5.0,59.870000000000005,282.47,102840.0,282.7,5.0,63.940000000000005,281.52
2010,04,15,23,102000.0,287.8,5.0,45.87,286.56,102210.0,284.6,6.0,76.02,284.06,102300.0,282.8,13.0,67.15,282.23
2010,04,16,23,100980.0,280.40000000000003,9.0,77.89,280.25,101030.0,280.6,9.0,79.05,280.28000000000003,100960.0,280.90000000000003,7.0,80.25,280.5
2010,04,17,23,100830.0,283.40000000000003,5.0,63.14,282.77,101010.0,282.40000000000003,8.0,67.8,281.84000000000003,100990.0,281.7,8.0,70.22,281.18
2010,04,18,23,100960.0,284.90000000000003,7.0,55.4,283.5,101150.0,283.3,3.0,70.37,282.55,101150.0,281.6,3.0,82.42,280.81
2010,04,19,23,101220.0,287.5,3.0,47.95,285.47,101330.0,284.7,3.0,67.03,283.21,101450.0,283.6,2.0,73.25,281.96
2010,04,20,23,101070.0,287.40000000000003,8.0,48.17,285.14,101170.0,284.90000000000003,5.0,59.09,283.76,101030.0,283.7,5.0,67.55,282.6
2010,04,21,23,100780.0,285.5,6.0,81.81,285.17,100800.0,284.5,8.0,92.03,284.37,100740.0,284.7,10.0,94.13,284.54
2010,04,22,23,100370.0,287.6,5.0,69.49,286.66,100500.0,285.2,6.0,78.47,284.57,100560.0,284.1,8.0,82.83,283.53000000000003
2010,04,23,23,101000.0,290.7,4.0,40.29,288.09000000000003,101270.0,288.6,2.0,46.550000000000004,284.98,101220.0,286.7,2.0,51.36,283.39
2010,04,24,23,101490.0,285.5,7.0,49.410000000000004,284.08,101560.0,283.90000000000003,6.0,57.57,282.99,101540.0,283.0,4.0,68.55,282.22
2010,04,25,23,99860.0,282.7,5.0,94.93,283.09000000000003,99980.0,282.6,7.0,97.97,282.81,99820.0,282.8,9.0,97.5,282.78000000000003
2010,04,26,23,99130.0,282.90000000000003,8.0,97.19,283.19,99190.0,283.0,8.0,97.44,283.07,99200.0,283.1,6.0,97.95,283.11
2010,04,27,23,99560.0,283.90000000000003,10.0,53.02,282.40000000000003,99780.0,281.8,9.0,63.64,280.93,99850.0,281.1,11.0,66.32000000000001,280.63
2010,04,28,23,100110.0,285.1,12.0,48.49,283.04,100250.0,282.2,7.0,64.09,281.26,100360.0,281.2,5.0,73.34,280.35
2010,04,29,23,100530.0,291.0,6.0,43.13,287.79,100750.0,286.6,4.0,62.81,285.17,100850.0,285.0,4.0,71.51,283.75
2010,04,30,23,100760.0,289.40000000000003,7.0,47.160000000000004,287.33,100830.0,286.2,6.0,67.18,285.32,100920.0,285.5,6.0,74.4,284.61
2010,05,01,23,100880.0,291.5,4.0,59.36,290.24,100860.0,288.6,6.0,75.68,288.24,100980.0,287.5,5.0,83.11,287.12
2010,05,02,23,100790.0,291.0,7.0,76.17,289.32,100870.0,289.2,7.0,87.2,288.90000000000003,100800.0,289.2,7.0,89.61,288.93
2010,05,03,23,100550.0,292.90000000000003,4.0,75.23,291.87,100650.0,291.0,4.0,83.57000000000001,290.29,100600.0,290.40000000000003,4.0,88.93,289.7
2010,05,04,23,100710.0,294.3,9.0,52.4,292.2,100850.0,291.2,2.0,68.19,290.03000000000003,100870.0,289.8,2.0,78.45,288.68
2010,05,05,23,101280.0,292.0,7.0,49.58,289.59000000000003,101370.0,288.8,5.0,66.05,287.66,101220.0,287.90000000000003,5.0,71.34,286.78000000000003
2010,05,06,23,100610.0,296.3,6.0,43.46,292.99,100780.0,291.6,5.0,60.56,290.0,100730.0,289.8,4.0,69.22,288.5
2010,05,07,23,101130.0,287.90000000000003,9.0,59.2,287.46,101300.0,286.3,8.0,71.96000000000001,285.73,101050.0,285.6,7.0,79.54,284.89
2010,05,08,23,99950.0,291.90000000000003,10.0,44.2,289.35,100140.0,288.40000000000003,9.0,55.300000000000004,286.91,100210.0,286.7,13.0,60.65,285.55
2010,05,09,23,101440.0,283.0,11.0,53.64,282.84000000000003,101730.0,281.7,11.0,63.43,280.91,101750.0,280.90000000000003,11.0,65.66,280.1
2010,05,10,23,102210.0,287.1,6.0,38.800000000000004,286.04,102340.0,284.40000000000003,3.0,55.02,283.25,102390.0,282.90000000000003,5.0,54.83,281.69
2010,05,11,23,102650.0,283.40000000000003,5.0,57.7,283.08,102760.0,282.5,5.0,65.48,282.05,102720.0,282.2,5.0,70.10000000000001,281.79
2010,05,12,23,102040.0,281.40000000000003,6.0,94.09,281.88,102120.0,281.7,5.0,91.65,281.67,102030.0,281.5,8.0,90.37,281.44
2010,05,13,23,102400.0,286.3,9.0,58.27,286.0,102370.0,284.5,8.0,70.48,284.17,102390.0,283.40000000000003,7.0,77.9,282.76
2010,05,14,23,101420.0,291.8,4.0,74.27,290.41,101410.0,290.1,5.0,81.60000000000001,289.55,101420.0,289.8,6.0,85.29,289.29
2010,05,15,23,101590.0,294.6,3.0,43.86,291.73,101730.0,290.3,3.0,71.83,289.36,101670.0,288.7,3.0,73.46000000000001,287.72
2010,05,16,23,101720.0,292.5,3.0,43.07,289.95,101710.0,289.3,4.0,54.370000000000005,287.79,101730.0,287.40000000000003,4.0,64.41,286.2
2010,05,17,23,101940.0,291.5,2.0,42.31,289.63,101960.0,289.7,3.0,46.88,288.49,101890.0,288.2,3.0,57.82,287.42
2010,05,18,23,101240.0,283.6,8.0,97.79,283.76,101150.0,283.6,13.0,96.5,283.69,100990.0,283.7,14.0,95.29,283.65000000000003
2010,05,19,23,100990.0,289.5,3.0,77.32000000000001,289.37,101160.0,288.6,3.0,84.7,288.47,101120.0,288.0,2.0,88.8,287.95
2010,05,20,23,101390.0,293.90000000000003,6.0,53.94,292.03000000000003,101520.0,290.40000000000003,5.0,64.39,289.44,101450.0,288.8,4.0,68.8,287.87
2010,05,21,23,102110.0,291.1,5.0,66.2,290.41,102200.0,289.0,4.0,76.08,288.6,102240.0,288.2,4.0,81.0,287.85
2010,05,22,23,102280.0,290.7,4.0,74.81,290.53000000000003,102340.0,289.3,3.0,84.81,289.21,102270.0,288.5,4.0,90.83,288.44
2010,05,23,23,102290.0,291.5,6.0,83.04,291.91,102380.0,289.6,6.0,90.62,289.82,102330.0,288.6,6.0,95.0,288.65000000000003
2010,05,24,23,102410.0,294.2,3.0,82.69,294.83,102480.0,292.40000000000003,2.0,89.92,292.63,102270.0,291.1,1.0,93.03,291.41
2010,05,25,23,101810.0,294.3,5.0,72.44,294.21,101840.0,291.90000000000003,3.0,81.87,291.68,101820.0,290.5,3.0,85.54,290.19
2010,05,26,23,100530.0,300.40000000000003,6.0,53.43,297.77,100520.0,296.8,6.0,64.73,295.46,100500.0,295.3,6.0,70.93,294.17
2010,05,27,23,100910.0,289.90000000000003,6.0,68.9,290.29,101050.0,288.7,4.0,76.0,288.55,101160.0,288.40000000000003,3.0,80.31,288.36
2010,05,28,23,101390.0,291.0,5.0,68.41,291.07,101460.0,288.8,6.0,73.26,288.44,101470.0,287.7,5.0,82.76,287.17
2010,05,29,23,101000.0,291.8,7.0,80.85000000000001,291.05,100960.0,290.2,8.0,87.66,290.06,101100.0,289.7,5.0,90.99,289.53000000000003
2010,05,30,23,101040.0,298.5,3.0,52.67,297.02,101170.0,295.6,4.0,58.83,294.36,101250.0,293.40000000000003,4.0,68.43,292.43
2010,05,31,23,101500.0,293.5,4.0,75.96000000000001,293.59000000000003,101550.0,291.7,5.0,84.92,291.72,101400.0,291.0,5.0,88.98,290.95
2010,06,01,23,100670.0,293.7,9.0,87.47,293.07,100730.0,292.90000000000003,6.0,96.25,293.0,100820.0,292.6,6.0,96.39,292.74
2010,06,02,23,100890.0,295.7,5.0,71.73,295.11,100990.0,293.7,6.0,80.58,293.3,100840.0,292.5,5.0,86.83,291.97
2010,06,03,23,100410.0,297.0,7.0,73.95,296.39,100510.0,294.7,7.0,83.33,294.36,100490.0,293.40000000000003,7.0,88.26,293.17
2010,06,04,23,100830.0,297.40000000000003,5.0,73.49,296.66,100890.0,295.3,5.0,82.91,295.09000000000003,100890.0,294.5,5.0,87.23,294.15000000000003
2010,06,05,23,100300.0,299.5,5.0,66.67,298.16,100300.0,297.1,5.0,75.45,296.34000000000003,100300.0,296.5,5.0,80.18,295.7
2010,06,06,23,99610.0,297.2,6.0,73.28,295.27,99770.0,296.1,7.0,81.52,295.27,99830.0,294.3,10.0,70.42,293.36
2010,06,07,23,100990.0,295.2,5.0,50.25,294.83,101110.0,292.8,3.0,63.72,291.89,101100.0,290.90000000000003,4.0,70.86,290.03000000000003
2010,06,08,23,101650.0,294.0,6.0,43.97,293.40000000000003,101830.0,292.1,2.0,57.21,290.98,101840.0,290.1,2.0,75.22,289.02
2010,06,09,23,101480.0,287.8,10.0,94.48,288.48,101480.0,288.0,9.0,97.34,288.05,101400.0,288.2,11.0,97.16,288.27
2010,06,10,23,100980.0,292.40000000000003,4.0,79.16,293.39,101060.0,291.3,4.0,84.25,291.56,101160.0,290.2,2.0,89.97,290.05
2010,06,11,23,102040.0,291.5,3.0,74.87,292.36,102170.0,290.6,4.0,81.45,290.77,102100.0,289.3,5.0,88.51,288.93
2010,06,12,23,101410.0,293.90000000000003,10.0,79.2,294.12,101420.0,292.3,9.0,88.09,292.23,101420.0,292.0,7.0,91.05,291.67
2010,06,13,23,100920.0,293.40000000000003,4.0,88.38,293.06,100940.0,293.0,5.0,90.24,292.99,101030.0,292.7,5.0,91.81,292.62
2010,06,14,23,100880.0,294.6,3.0,78.37,294.76,100960.0,293.3,5.0,84.66,293.28000000000003,100960.0,292.2,6.0,88.55,291.94
2010,06,15,23,101840.0,294.5,6.0,57.870000000000005,293.55,101920.0,291.90000000000003,5.0,69.45,291.17,101870.0,290.6,4.0,78.16,289.75
2010,06,16,23,101320.0,294.1,8.0,74.2,293.61,101340.0,293.1,7.0,82.18,292.83,101260.0,293.0,8.0,89.65,292.82
2010,06,17,23,101120.0,296.0,7.0,61.83,295.6,101240.0,294.0,5.0,72.21000000000001,293.35,101280.0,292.6,6.0,79.3,291.94
2010,06,18,23,101740.0,298.2,5.0,52.82,296.7,101710.0,295.1,3.0,64.45,294.16,101750.0,293.2,3.0,74.01,292.2
2010,06,19,23,101530.0,294.5,9.0,84.3,294.3,101490.0,293.1,9.0,89.53,292.99,101370.0,292.5,9.0,92.57000000000001,292.18
2010,06,20,23,100970.0,297.3,4.0,78.33,297.22,101010.0,295.90000000000003,4.0,86.35000000000001,295.96,101010.0,294.5,5.0,92.35000000000001,294.36
2010,06,21,23,101540.0,301.40000000000003,4.0,50.31,299.62,101570.0,298.3,4.0,61.51,297.29,101560.0,296.40000000000003,4.0,68.89,295.3
2010,06,22,23,101630.0,296.90000000000003,3.0,74.46000000000001,296.06,101650.0,296.1,3.0,78.28,295.68,101630.0,295.6,4.0,83.23,295.17
2010,06,23,23,101090.0,301.6,6.0,59.38,300.28000000000003,101130.0,299.1,4.0,69.85000000000001,298.23,101030.0,297.6,3.0,75.18,296.71
2010,06,24,23,100550.0,302.7,4.0,63.32,301.35,100580.0,299.90000000000003,3.0,77.8,299.42,100680.0,298.90000000000003,5.0,76.71000000000001,297.82
2010,06,25,23,101490.0,298.0,5.0,61.71,297.84000000000003,101510.0,296.0,4.0,71.2,295.5,101470.0,294.8,4.0,79.35000000000001,294.08
2010,06,26,23,100930.0,298.3,5.0,71.76,297.41,100950.0,297.0,4.0,81.63,296.52,100910.0,296.40000000000003,3.0,86.99,295.91
2010,06,27,23,100440.0,299.5,4.0,80.11,300.1,100390.0,297.7,6.0,89.29,297.89,100400.0,296.6,5.0,94.24,296.58
2010,06,28,23,100260.0,298.7,8.0,85.19,298.41,100290.0,297.3,10.0,93.13,297.33,100280.0,297.1,7.0,92.93,297.01
2010,06,29,23,100910.0,301.40000000000003,5.0,55.27,301.08,101030.0,299.6,2.0,65.36,298.95,101000.0,297.40000000000003,3.0,72.79,296.59000000000003
2010,06,30,23,101610.0,295.2,7.0,58.72,295.61,101740.0,294.1,5.0,69.74,293.52,101680.0,292.5,5.0,78.46000000000001,291.66
2010,07,01,23,101830.0,296.6,8.0,38.31,295.97,101880.0,294.5,7.0,46.59,293.61,101900.0,292.3,6.0,58.46,291.27
2010,07,02,23,101980.0,296.1,5.0,53.51,295.8,102060.0,294.2,6.0,64.47,293.5,102010.0,292.8,4.0,73.03,291.97
2010,07,03,23,101610.0,297.90000000000003,7.0,59.77,297.76,101680.0,295.5,6.0,74.49,295.09000000000003,101700.0,294.2,5.0,83.04,293.6
2010,07,04,23,101190.0,301.2,8.0,50.92,299.41,101280.0,298.1,6.0,63.7,297.29,101200.0,296.7,7.0,74.0,296.29
2010,07,05,23,101300.0,302.40000000000003,5.0,51.59,301.90000000000003,101370.0,299.40000000000003,5.0,65.01,298.92,101350.0,297.8,4.0,74.46000000000001,297.11
2010,07,06,23,101260.0,305.5,4.0,52.02,305.36,101150.0,302.6,4.0,60.39,302.0,101240.0,301.0,3.0,65.62,300.22
2010,07,07,23,101490.0,301.1,5.0,74.9,301.65000000000003,101510.0,299.3,6.0,86.13,299.48,101400.0,298.40000000000003,5.0,92.33,298.35
2010,07,08,23,101500.0,299.90000000000003,5.0,67.91,299.83,101570.0,298.1,4.0,79.93,297.74,101570.0,297.40000000000003,4.0,87.69,297.27
2010,07,09,23,101050.0,299.6,5.0,75.34,299.57,101230.0,297.90000000000003,5.0,83.66,297.48,101160.0,297.3,4.0,87.06,296.71
2010,07,10,23,101020.0,298.6,2.0,82.73,297.7,101040.0,298.1,1.0,85.82000000000001,297.71,101090.0,297.3,1.0,89.96000000000001,297.21
2010,07,11,23,100910.0,300.5,7.0,62.25,299.61,101000.0,298.2,6.0,73.97,297.7,100930.0,297.3,7.0,80.25,296.67
2010,07,12,23,101190.0,299.5,10.0,80.11,298.79,101240.0,298.0,10.0,84.99,297.53000000000003,101290.0,297.7,10.0,88.14,297.33
2010,07,13,23,101100.0,298.0,8.0,95.28,297.92,101190.0,297.8,8.0,96.48,297.78000000000003,101110.0,298.1,9.0,96.78,298.04
2010,07,14,23,101200.0,298.3,3.0,89.88,298.08,101370.0,297.8,4.0,92.33,297.75,101210.0,297.40000000000003,5.0,94.54,297.31
2010,07,15,23,101510.0,298.3,6.0,78.78,298.59000000000003,101550.0,296.7,5.0,87.3,296.67,101520.0,296.0,3.0,91.37,295.79
2010,07,16,23,101000.0,300.5,10.0,76.13,299.54,101030.0,298.7,9.0,85.71000000000001,298.27,101020.0,298.3,9.0,88.22,297.77
2010,07,17,23,100880.0,300.8,8.0,69.68,299.55,100930.0,298.90000000000003,8.0,81.3,298.34000000000003,100980.0,298.40000000000003,8.0,84.51,297.83
2010,07,18,23,100920.0,302.2,7.0,65.04,300.83,100980.0,300.0,3.0,77.28,299.2,101050.0,298.8,3.0,82.01,298.02
2010,07,19,23,100800.0,300.2,6.0,76.9,299.09000000000003,100880.0,298.8,6.0,84.7,298.14,100990.0,298.0,5.0,89.60000000000001,297.81
2010,07,20,23,101270.0,300.7,6.0,64.7,299.59000000000003,101330.0,298.90000000000003,5.0,73.55,298.1,101350.0,298.1,6.0,78.61,297.27
2010,07,21,23,100800.0,299.40000000000003,10.0,78.33,298.33,100840.0,298.7,9.0,84.31,298.0,100930.0,297.40000000000003,5.0,91.52,297.42
2010,07,22,23,101270.0,301.5,3.0,56.24,300.54,101290.0,299.3,2.0,73.71000000000001,298.31,101320.0,297.6,3.0,82.95,296.90000000000003
2010,07,23,23,101000.0,299.6,8.0,89.52,299.61,101100.0,299.0,9.0,91.95,298.61,100990.0,299.2,11.0,90.61,298.67
2010,07,24,23,100800.0,305.0,2.0,66.87,303.98,100880.0,302.5,2.0,76.54,301.84000000000003,100830.0,301.5,3.0,81.77,301.03000000000003
2010,07,25,23,100650.0,297.0,3.0,91.84,297.44,100770.0,297.40000000000003,6.0,91.21000000000001,297.25,100900.0,296.90000000000003,8.0,88.82000000000001,296.5
2010,07,26,23,101280.0,300.7,4.0,52.95,299.33,101350.0,298.1,3.0,73.02,296.99,101440.0,296.3,3.0,80.49,295.52
2010,07,27,23,101570.0,299.7,7.0,58.39,298.32,101600.0,297.1,5.0,74.93,296.16,101640.0,296.2,5.0,83.36,295.36
2010,07,28,23,101300.0,298.7,12.0,81.09,298.8,101230.0,297.3,10.0,88.94,297.02,101100.0,296.8,11.0,91.46000000000001,296.51
2010,07,29,23,100760.0,300.1,3.0,73.49,299.08,100760.0,298.0,4.0,83.68,297.40000000000003,100830.0,296.90000000000003,3.0,88.93,296.42
2010,07,30,23,101110.0,296.6,6.0,59.230000000000004,296.31,101230.0,295.1,4.0,71.93,294.54,101180.0,293.8,4.0,79.57000000000001,293.08
2010,07,31,23,101270.0,295.7,4.0,68.5,295.51,101390.0,294.1,4.0,83.42,293.48,101330.0,293.2,4.0,88.95,292.51
2010,08,01,23,101720.0,296.2,5.0,79.66,295.90000000000003,101740.0,295.2,4.0,88.69,295.11,101740.0,294.5,4.0,93.24,294.21
2010,08,02,23,101900.0,296.8,8.0,59.0,296.25,101970.0,294.90000000000003,5.0,71.52,294.26,101840.0,294.1,5.0,75.43,293.35
2010,08,03,23,101880.0,293.8,-1.7000000000000002,0.0,10.0,101890.0,295.90000000000003,8.0,86.33,296.52,101920.0,297.2,7.0,80.95,298.57
2010,08,06,23,100530.0,301.2,6.0,37.54,299.14,100730.0,297.2,6.0,48.86,295.8,100830.0,295.40000000000003,5.0,58.56,294.25
2010,08,07,23,101480.0,295.3,5.0,76.53,294.54,101470.0,294.6,-4.9,0.0,0.0,101470.0,293.90000000000003,4.0,86.82000000000001,293.05
2010,08,08,23,101540.0,298.90000000000003,8.0,69.63,298.34000000000003,101580.0,297.40000000000003,3.0,80.9,296.8,101480.0,296.2,3.0,87.01,295.16
2010,08,09,23,101260.0,299.6,9.0,69.27,298.90000000000003,101290.0,298.2,8.0,76.02,297.65000000000003,101290.0,297.5,8.0,78.87,296.82
2010,08,10,23,100970.0,300.5,4.0,72.48,300.71,100950.0,298.8,4.0,81.71000000000001,298.58,101060.0,297.90000000000003,4.0,88.23,297.44
2010,08,11,23,100940.0,298.1,7.0,72.4,298.27,100950.0,296.90000000000003,7.0,77.77,296.65000000000003,101040.0,296.1,6.0,82.58,295.62
2010,08,12,23,101220.0,295.8,7.0,73.7,295.83,101330.0,295.40000000000003,7.0,75.64,294.98,101220.0,295.0,7.0,77.46000000000001,294.56
2010,08,13,23,101680.0,295.5,5.0,54.620000000000005,295.68,101650.0,294.40000000000003,3.0,60.79,293.34000000000003,101670.0,293.6,3.0,64.27,292.13
2010,08,14,23,101890.0,295.2,5.0,62.03,295.07,101860.0,293.8,2.0,69.21000000000001,292.48,101750.0,293.2,2.0,71.62,291.15000000000003
2010,08,15,23,101690.0,293.2,-6.6000000000000005,0.0,1.0,101700.0,295.40000000000003,2.0,74.61,296.02,101650.0,297.40000000000003,4.0,67.98,299.06
2010,08,16,23,101300.0,298.0,6.0,88.4,297.46,101320.0,297.40000000000003,9.0,91.79,297.14,101300.0,297.40000000000003,10.0,94.44,297.18
2010,08,17,23,101450.0,296.1,-1.2000000000000002,0.0,663.0,101450.0,296.5,5.0,96.45,296.52,101420.0,297.2,4.0,93.87,297.81
2010,08,18,23,101470.0,297.2,2.0,78.35000000000001,296.92,101460.0,296.40000000000003,3.0,83.85000000000001,296.13,101430.0,296.0,2.0,86.06,295.7
2010,08,19,23,100930.0,298.2,5.0,63.21,297.24,101100.0,296.1,5.0,77.64,295.41,101050.0,295.5,6.0,82.78,294.78000000000003
2010,08,20,23,101210.0,300.5,2.0,56.03,299.7,101300.0,298.5,2.0,65.43,296.63,101370.0,297.90000000000003,3.0,65.29,294.92
2010,08,21,23,101540.0,296.5,6.0,83.41,296.3,101630.0,296.1,8.0,86.25,295.73,101660.0,295.7,5.0,89.59,295.28000000000003
2010,08,22,23,100940.0,294.8,11.0,97.41,294.81,100860.0,295.1,16.0,97.41,295.03000000000003,100740.0,295.6,14.0,97.0,295.52
2010,08,23,23,101290.0,292.3,12.0,83.56,292.22,101190.0,292.1,17.0,86.17,291.84000000000003,101140.0,291.6,15.0,84.86,291.31
2010,08,24,23,101300.0,292.1,11.0,87.7,292.0,101190.0,292.2,14.0,85.88,291.81,101240.0,292.1,12.0,87.16,291.71
2010,08,25,23,100990.0,295.6,5.0,83.7,295.01,101070.0,294.8,5.0,89.27,294.51,101020.0,294.5,4.0,91.10000000000001,294.28000000000003
2010,08,26,23,101320.0,297.90000000000003,5.0,56.870000000000005,296.1,101390.0,295.1,3.0,69.54,293.91,101530.0,293.6,5.0,71.94,292.59000000000003
2010,08,27,23,101690.0,295.6,4.0,57.58,294.0,101730.0,293.1,4.0,74.07000000000001,292.01,101760.0,291.90000000000003,4.0,82.42,291.0
2010,08,28,23,101980.0,295.3,3.0,67.37,294.28000000000003,102050.0,293.90000000000003,4.0,75.76,293.09000000000003,102020.0,293.0,4.0,81.35000000000001,292.15000000000003
2010,08,29,23,101840.0,301.0,2.0,55.02,298.74,101930.0,297.6,3.0,72.55,296.21,101870.0,296.0,4.0,67.25,294.64
2010,08,30,23,101890.0,300.6,1.0,54.160000000000004,298.17,101920.0,298.7,2.0,65.04,296.07,101930.0,296.1,3.0,73.95,294.91
2010,08,31,23,101590.0,302.7,2.0,56.56,300.28000000000003,101630.0,299.7,4.0,66.59,298.15000000000003,101620.0,298.0,4.0,73.5,296.95
2010,09,01,23,101460.0,300.8,5.0,68.29,299.1,101500.0,298.6,4.0,75.46000000000001,297.61,101570.0,297.7,5.0,79.74,296.77
2010,09,02,23,101320.0,299.2,6.0,78.46000000000001,297.88,101330.0,297.7,7.0,86.35000000000001,297.26,101270.0,296.90000000000003,6.0,89.7,296.38
2010,09,03,23,99880.0,297.5,12.0,90.53,296.45,99960.0,296.3,14.0,96.03,296.25,99900.0,296.1,13.0,96.47,296.12
2010,09,04,23,100430.0,295.2,7.0,55.78,293.23,100570.0,293.0,5.0,66.77,291.71,100600.0,291.90000000000003,5.0,72.33,290.87
2010,09,05,23,101400.0,293.6,4.0,68.14,292.32,101580.0,291.8,4.0,82.07000000000001,290.91,101520.0,291.5,4.0,81.4,290.41
2010,09,06,23,102220.0,293.8,4.0,73.17,292.46,102220.0,292.0,4.0,83.44,290.95,102140.0,291.5,3.0,83.8,290.01
2010,09,07,23,101610.0,295.5,12.0,84.43,294.59000000000003,101540.0,294.5,11.0,91.32000000000001,294.03000000000003,101450.0,294.3,11.0,93.05,293.86
2010,09,08,23,100480.0,297.6,6.0,52.21,295.14,100640.0,294.6,9.0,62.83,293.29,100620.0,293.1,9.0,65.39,291.88
2010,09,09,23,100660.0,291.8,9.0,64.18,290.3,100810.0,290.8,10.0,70.10000000000001,290.11,100840.0,289.8,10.0,73.31,288.94
2010,09,10,23,101120.0,291.5,8.0,64.35,290.66,101110.0,289.7,5.0,76.91,288.97,101100.0,288.90000000000003,4.0,81.0,288.15000000000003
2010,09,11,23,101400.0,292.0,5.0,73.81,291.62,101460.0,291.40000000000003,4.0,80.08,290.87,101450.0,290.40000000000003,4.0,84.32000000000001,289.59000000000003
2010,09,12,23,101630.0,289.90000000000003,7.0,82.88,289.66,101640.0,290.0,6.0,83.72,289.57,101660.0,289.8,5.0,84.08,289.44
2010,09,13,23,101140.0,291.40000000000003,2.0,89.94,291.46,101170.0,291.8,3.0,89.69,291.39,101100.0,291.8,6.0,86.64,291.26
2010,09,14,23,101100.0,293.3,6.0,51.34,291.51,101120.0,291.0,5.0,61.800000000000004,289.88,101210.0,289.90000000000003,6.0,66.71000000000001,288.82
2010,09,15,23,101790.0,291.5,4.0,61.58,290.02,101840.0,289.40000000000003,4.0,74.4,288.48,101720.0,288.40000000000003,5.0,77.66,287.53000000000003
2010,09,16,23,101110.0,294.2,11.0,87.25,293.51,101210.0,292.6,14.0,97.19,292.66,101260.0,292.40000000000003,15.0,96.4,292.32
2010,09,17,23,101590.0,291.7,5.0,71.11,290.86,101650.0,290.5,6.0,79.60000000000001,289.81,101720.0,290.0,8.0,80.92,289.33
2010,09,18,23,102050.0,290.6,2.0,79.02,290.14,102000.0,289.7,2.0,85.72,289.02,101950.0,289.40000000000003,2.0,84.83,288.16
2010,09,19,23,101560.0,293.1,4.0,80.29,292.03000000000003,101430.0,291.8,3.0,87.9,291.22,101460.0,291.3,4.0,89.84,290.69
2010,09,22,23,101390.0,295.1,6.0,89.32000000000001,294.29,101430.0,293.8,6.0,96.01,293.46,101550.0,293.40000000000003,6.0,97.69,293.07
2010,09,23,23,102040.0,292.2,5.0,77.41,291.56,102190.0,292.0,4.0,84.34,291.53000000000003,102080.0,291.3,4.0,89.86,290.82
2010,09,24,23,101300.0,294.6,7.0,92.03,294.43,101300.0,293.90000000000003,7.0,96.81,293.78000000000003,101270.0,293.40000000000003,7.0,98.59,293.11
2010,09,25,23,100770.0,296.1,6.0,83.05,294.77,100960.0,294.7,6.0,89.78,294.09000000000003,100910.0,294.2,4.0,91.98,293.55
2010,09,26,23,101620.0,292.1,8.0,82.95,291.64,101570.0,291.6,12.0,89.84,291.28000000000003,101690.0,291.40000000000003,13.0,89.44,291.22
2010,09,27,23,101380.0,294.40000000000003,6.0,97.38,293.62,101440.0,294.2,10.0,97.9,294.03000000000003,101310.0,294.40000000000003,11.0,95.43,294.15000000000003
2010,09,28,23,100560.0,294.90000000000003,9.0,95.76,294.39,100660.0,294.7,12.0,95.88,294.52,100610.0,294.7,12.0,96.26,294.54
2010,09,29,23,101300.0,294.40000000000003,4.0,77.96000000000001,293.64,101310.0,293.7,5.0,86.88,293.28000000000003,101330.0,293.1,5.0,93.26,292.67
2010,09,30,23,100600.0,296.1,15.0,93.81,295.52,100550.0,295.6,17.0,95.54,295.48,100490.0,295.6,17.0,95.31,295.51
2010,10,01,23,100320.0,289.6,12.0,88.24,289.62,100510.0,289.8,13.0,84.08,289.44,100490.0,289.5,12.0,80.68,289.01
2010,10,02,23,101430.0,287.6,2.0,73.75,287.61,101560.0,287.5,3.0,79.35000000000001,286.36,101540.0,286.7,3.0,84.26,285.62
2010,10,03,23,101770.0,287.40000000000003,11.0,66.59,286.5,101790.0,286.8,13.0,72.61,286.09000000000003,101870.0,286.40000000000003,12.0,71.26,285.69
2010,10,04,23,101510.0,287.5,10.0,92.81,287.36,101610.0,287.0,14.0,95.81,287.0,101560.0,286.8,13.0,95.81,286.78000000000003
2010,10,05,23,101420.0,289.40000000000003,4.0,90.22,289.28000000000003,101390.0,289.40000000000003,3.0,91.4,289.21,101490.0,288.6,3.0,95.22,287.49
2010,10,06,23,100570.0,287.90000000000003,6.0,71.7,287.7,100620.0,287.5,7.0,75.03,286.86,100640.0,286.6,7.0,78.7,285.79
2010,10,07,23,100490.0,290.1,4.0,63.22,288.07,100700.0,288.1,4.0,77.82000000000001,286.96,100770.0,287.2,4.0,81.59,286.28000000000003
2010,10,08,23,100870.0,291.3,5.0,61.15,288.62,100980.0,289.40000000000003,6.0,74.64,287.99,101010.0,289.40000000000003,7.0,74.57000000000001,287.98
2010,10,09,23,101260.0,288.40000000000003,3.0,59.82,287.01,101280.0,286.5,3.0,79.62,285.56,101250.0,285.7,3.0,83.52,284.51
2010,10,10,23,100600.0,288.8,5.0,69.98,286.72,100650.0,287.0,4.0,85.04,285.76,100590.0,287.2,5.0,83.18,285.94
2010,10,11,23,100740.0,290.90000000000003,3.0,67.22,289.52,100760.0,289.8,4.0,75.22,288.84000000000003,100840.0,289.3,4.0,84.5,288.67
2010,10,12,23,100860.0,288.40000000000003,1.0,82.28,288.19,101000.0,288.5,3.0,82.98,287.54,101010.0,287.2,5.0,78.84,286.31
2010,10,13,23,101560.0,285.7,1.0,70.2,285.12,101570.0,285.2,2.0,80.57000000000001,283.89,101510.0,284.6,2.0,86.07000000000001,283.13
2010,10,14,23,100660.0,286.8,7.0,95.04,286.66,100680.0,286.90000000000003,10.0,96.68,286.77,100590.0,287.0,8.0,97.73,286.90000000000003
2010,10,15,23,99650.0,285.3,12.0,63.440000000000005,283.85,99730.0,284.90000000000003,15.0,65.08,283.94,99770.0,283.8,16.0,72.53,283.13
2010,10,16,23,100880.0,284.6,6.0,64.58,283.09000000000003,101050.0,283.3,7.0,78.19,282.34000000000003,101070.0,283.0,8.0,78.8,282.02
2010,10,17,23,100710.0,288.40000000000003,3.0,72.28,286.61,100850.0,286.7,5.0,85.93,285.66,100960.0,286.5,6.0,76.38,285.34000000000003
2010,10,18,23,101130.0,285.90000000000003,5.0,62.980000000000004,284.49,101120.0,284.8,6.0,73.35000000000001,283.95,101190.0,284.3,7.0,70.97,283.55
2010,10,19,23,101180.0,284.2,2.0,84.77,283.74,101220.0,283.8,3.0,89.09,282.6,101250.0,283.3,3.0,91.24,281.89
2010,10,20,23,100920.0,285.2,3.0,78.07000000000001,284.54,100970.0,285.40000000000003,3.0,79.22,283.47,100890.0,284.8,3.0,85.52,283.97
2010,10,21,23,100380.0,285.5,6.0,58.800000000000004,283.39,100620.0,283.5,7.0,71.01,282.35,100600.0,282.40000000000003,7.0,75.97,281.43
2010,10,22,23,101570.0,280.40000000000003,6.0,63.120000000000005,279.26,101680.0,279.2,7.0,80.12,278.37,101690.0,279.0,7.0,73.93,277.98
2010,10,23,23,101870.0,285.7,4.0,72.41,284.38,102070.0,285.7,5.0,84.29,284.93,101990.0,285.1,5.0,87.11,283.87
2010,10,24,23,101620.0,288.3,2.0,85.14,286.24,101670.0,286.7,3.0,93.77,285.99,101560.0,287.1,5.0,95.46000000000001,286.56
2010,10,25,23,101120.0,290.3,7.0,89.8,288.7,101080.0,289.5,6.0,94.65,289.04,101080.0,289.2,6.0,97.17,288.78000000000003
2010,10,26,23,101170.0,290.5,6.0,94.89,289.91,101280.0,290.1,6.0,96.34,289.98,101130.0,289.8,8.0,97.76,289.76
2010,10,27,23,101050.0,292.3,7.0,96.79,291.79,101350.0,291.90000000000003,6.0,97.83,291.7,101320.0,291.2,4.0,99.98,290.87
2010,10,28,23,101160.0,290.8,8.0,98.21000000000001,290.61,101130.0,291.0,8.9,0.0,37.0,101180.0,291.3,7.0,97.13,291.26
2010,10,29,23,101370.0,283.6,8.0,60.370000000000005,282.81,101550.0,283.3,9.0,67.17,282.6,101540.0,281.90000000000003,11.0,65.35,280.96
2010,10,30,23,101080.0,284.90000000000003,6.0,60.43,283.36,101150.0,284.8,9.0,73.16,283.81,100980.0,284.7,11.0,70.05,283.56
2010,10,31,23,101370.0,281.6,7.0,60.38,280.19,101700.0,280.2,6.0,69.34,279.31,101750.0,279.5,7.0,65.85,278.55
2010,11,01,23,102640.0,278.8,4.0,71.92,277.93,102650.0,278.1,5.0,79.12,277.24,102680.0,277.8,6.0,75.69,276.91
2010,11,02,23,102690.0,278.6,1.0,63.67,277.38,102710.0,278.90000000000003,2.0,62.440000000000005,276.27,102660.0,278.7,2.0,63.07,275.44
2010,11,03,23,101720.0,280.2,2.0,77.62,279.25,101750.0,279.5,3.0,86.0,278.45,101620.0,279.3,4.0,88.62,278.21
2010,11,04,23,99720.0,285.3,6.0,98.88,284.71,99740.0,285.7,5.0,100.0,285.16,99700.0,286.8,6.0,99.87,286.36
2010,11,05,23,100550.0,282.0,5.0,79.64,281.44,100800.0,281.2,5.0,86.96000000000001,280.41,100770.0,280.8,6.0,86.71000000000001,280.03000000000003
2010,11,06,23,102090.0,281.0,2.0,74.07000000000001,280.44,102210.0,281.0,4.0,82.82000000000001,280.79,102250.0,280.40000000000003,6.0,78.89,279.65000000000003
2010,11,07,23,101640.0,280.8,10.0,59.53,279.7,101720.0,279.3,10.0,62.61,278.33,101710.0,279.1,10.0,63.47,278.13
2010,11,08,23,100200.0,279.0,10.0,81.38,278.99,100350.0,278.8,14.0,82.7,278.21,100340.0,278.1,15.0,83.29,277.58
2010,11,09,23,101060.0,282.8,11.0,75.52,282.1,101150.0,282.40000000000003,12.0,81.43,281.8,101080.0,282.40000000000003,13.0,83.76,281.96
2010,11,10,23,101460.0,282.1,-15.5,0.0,10.0,101550.0,281.90000000000003,11.0,89.99,281.65000000000003,101610.0,281.90000000000003,12.0,89.71000000000001,281.58
2010,11,14,23,101710.0,283.0,3.0,86.5,281.82,101780.0,282.2,4.0,92.01,281.63,101720.0,281.1,4.0,96.67,280.39
2010,11,15,23,101600.0,284.2,2.0,91.67,283.51,101620.0,284.0,2.0,93.45,283.53000000000003,101540.0,283.7,1.0,94.76,282.07
2010,11,16,23,101430.0,285.2,9.0,90.82000000000001,284.67,101370.0,285.0,11.0,94.47,284.71,101260.0,285.2,12.0,96.01,284.94
2010,11,17,23,100620.0,285.3,10.0,54.24,282.94,100830.0,283.8,12.0,64.12,282.45,100860.0,283.2,13.0,62.71,281.89
2010,11,18,23,101570.0,283.3,4.0,73.59,282.5,101610.0,283.0,5.0,80.38,282.33,101600.0,282.6,6.0,79.18,281.98
2010,11,19,23,102280.0,279.1,2.0,54.230000000000004,277.2,102360.0,279.0,3.0,55.33,276.12,102350.0,278.40000000000003,3.0,58.45,275.38
2010,11,20,23,101960.0,283.1,6.0,63.92,280.95,102080.0,281.3,6.0,78.86,280.45,102180.0,280.3,6.0,83.73,279.43
2010,11,21,23,103220.0,278.3,2.0,68.66,276.67,103250.0,277.2,4.0,87.94,276.3,103060.0,277.3,4.0,91.14,276.31
2010,11,22,23,102090.0,286.1,8.0,82.98,284.56,102120.0,284.6,7.0,91.67,283.82,102100.0,284.3,6.0,94.82000000000001,283.6
2010,11,23,23,100770.0,286.8,5.0,79.35000000000001,284.8,100790.0,285.90000000000003,6.0,84.89,285.07,100820.0,286.2,8.0,80.35000000000001,285.26
2010,11,24,23,102000.0,279.2,7.0,53.2,277.23,102080.0,277.7,6.0,66.95,276.76,102120.0,276.90000000000003,6.0,65.25,275.91
2010,11,25,23,101730.0,277.1,2.0,86.96000000000001,277.13,101700.0,277.8,4.0,91.82000000000001,277.61,101570.0,278.2,5.0,95.33,277.88
2010,11,26,23,100190.0,280.2,4.0,71.7,279.39,100460.0,280.3,5.0,80.3,279.88,100350.0,278.7,5.0,86.17,278.07
2010,11,27,23,101010.0,277.2,10.0,55.980000000000004,275.3,101290.0,275.8,9.0,65.97,274.84000000000003,101410.0,275.40000000000003,10.0,68.49,274.51
2010,11,28,23,102750.0,276.2,2.0,69.92,275.36,102790.0,276.5,3.0,70.18,274.34000000000003,102870.0,275.40000000000003,3.0,78.0,273.87
2010,11,29,23,103240.0,277.6,2.0,77.35000000000001,276.81,103250.0,278.1,3.0,76.92,276.37,103170.0,277.6,3.0,82.15,275.63
2010,11,30,23,102490.0,283.40000000000003,7.0,90.53,282.72,102370.0,283.5,9.0,93.03,283.09000000000003,102190.0,283.40000000000003,10.0,96.5,282.84000000000003
2010,12,01,23,100410.0,284.40000000000003,10.0,95.46000000000001,284.91,100510.0,283.5,13.0,87.37,283.45,100710.0,282.3,12.0,84.79,282.22
2010,12,02,23,101760.0,275.6,4.0,69.98,274.63,101840.0,274.8,5.0,78.09,274.06,101850.0,274.5,5.0,77.23,273.82
2010,12,03,23,101350.0,275.2,4.0,71.04,273.88,101460.0,274.3,5.0,75.51,273.40000000000003,101380.0,274.40000000000003,6.0,74.65,273.63
2010,12,04,23,100530.0,274.7,7.0,60.160000000000004,273.42,100670.0,273.6,7.0,68.51,272.81,100640.0,273.0,8.0,68.60000000000001,272.25
2010,12,05,23,100300.0,273.40000000000003,8.0,62.17,272.54,100380.0,272.8,8.0,70.98,272.21,100470.0,273.1,11.0,71.45,272.58
2010,12,06,23,99590.0,273.1,12.0,62.480000000000004,273.01,99810.0,273.2,14.0,66.26,272.81,99810.0,272.6,15.0,67.94,272.23
2010,12,07,23,100170.0,273.40000000000003,9.0,61.35,272.5,100320.0,273.0,11.0,67.78,272.37,100430.0,272.8,13.0,67.86,272.26
2010,12,08,23,101450.0,271.6,7.0,59.980000000000004,271.8,101570.0,272.2,7.0,59.730000000000004,271.72,101680.0,272.1,8.0,57.15,271.65
2010,12,09,23,102550.0,271.2,8.0,46.36,271.86,102610.0,271.7,9.0,46.730000000000004,271.62,102640.0,271.5,10.0,43.93,271.52
2010,12,10,23,102510.0,273.1,3.0,88.54,272.53000000000003,102500.0,273.90000000000003,4.0,89.29,273.17,102390.0,274.40000000000003,3.0,86.45,272.55
2010,12,11,23,102250.0,277.1,1.0,78.7,276.45,102190.0,276.6,2.0,89.68,276.06,102160.0,276.8,2.0,92.07000000000001,275.63
2010,12,12,23,99570.0,284.2,2.0,97.86,283.06,99350.0,283.8,3.0,100.0,283.33,99240.0,283.90000000000003,6.0,100.0,283.57
2010,12,13,23,98770.0,276.7,9.0,76.09,276.59000000000003,98950.0,276.1,11.0,73.75,276.01,99030.0,274.0,13.0,87.47,274.40000000000003
2010,12,14,23,100130.0,268.5,12.0,63.59,270.61,100210.0,269.40000000000003,16.0,64.07000000000001,270.49,100330.0,269.1,15.0,59.36,270.28000000000003
2010,12,15,23,100670.0,269.2,11.0,60.04,269.72,100820.0,269.6,11.0,60.38,269.57,100790.0,269.8,12.0,60.65,269.7
2010,12,16,23,100730.0,272.3,5.0,65.34,272.24,100900.0,272.6,6.0,71.51,272.23,100800.0,272.3,7.0,69.24,272.14
2010,12,17,23,101540.0,272.3,3.0,75.48,272.04,101570.0,272.40000000000003,4.0,83.01,272.02,101600.0,272.5,4.0,82.48,272.0
2010,12,18,23,101620.0,272.7,1.0,72.48,272.12,101840.0,273.3,2.0,74.68,272.14,101790.0,273.40000000000003,2.0,81.27,272.99
2010,12,19,23,101220.0,274.90000000000003,8.0,67.56,274.03000000000003,101320.0,274.5,8.0,72.03,274.03000000000003,101230.0,274.2,9.0,70.65,273.69
2010,12,20,23,100860.0,273.3,11.0,61.730000000000004,272.51,100980.0,273.0,15.0,64.69,272.34000000000003,101040.0,272.8,16.0,64.02,272.41
2010,12,21,23,100920.0,273.90000000000003,10.0,73.4,273.17,101080.0,273.5,12.0,74.44,272.7,101080.0,273.0,14.0,74.71000000000001,272.53000000000003
2010,12,22,23,100600.0,273.7,9.0,74.35000000000001,273.16,100830.0,273.5,11.0,76.16,272.99,100740.0,273.2,14.0,74.69,272.75
2010,12,23,23,100930.0,273.7,14.0,70.24,273.3,101040.0,273.7,17.0,73.42,273.21,101160.0,273.40000000000003,18.0,73.14,273.0
2010,12,24,23,101550.0,273.3,5.0,73.46000000000001,272.35,101540.0,273.2,6.0,77.8,272.34000000000003,101620.0,273.0,10.0,76.45,272.39
2010,12,25,23,101350.0,272.8,1.0,83.16,273.21,101460.0,273.40000000000003,1.0,83.59,273.25,101490.0,273.3,3.0,86.46000000000001,273.09000000000003
2010,12,26,23,99240.0,270.2,20.0,99.06,271.16,99110.0,271.3,29.0,89.73,271.18,99080.0,270.40000000000003,28.0,88.05,270.36
2010,12,27,23,99480.0,268.7,21.0,61.25,267.76,99760.0,268.3,21.0,67.13,267.61,99780.0,267.8,20.0,70.77,267.1
2010,12,28,23,100840.0,272.3,7.0,71.56,270.3,101030.0,270.5,7.0,79.56,269.31,101060.0,270.1,7.0,84.24,269.09000000000003
2010,12,29,23,101620.0,270.5,4.0,85.72,267.32,101770.0,267.90000000000003,4.0,93.59,266.46,101870.0,266.90000000000003,4.0,95.18,265.24
2010,12,30,23,102070.0,271.90000000000003,4.0,84.84,265.22,102200.0,269.6,4.0,91.8,266.09000000000003,102140.0,267.8,5.0,95.99000000000001,266.01
2010,12,31,23,102010.0,275.8,4.0,88.49,273.06,102090.0,275.0,6.0,91.41,273.57,101930.0,274.90000000000003,6.0,91.51,273.65000000000003
